,x,y,base64,description
0,1,0,"data:image/png;base64,iVBORw0KGgoAAAANSUhEUgAAABAAAAAQCAYAAAAf8/9hAAAAhElEQVQ4T2NkoBAw4tNf5eL1v23PNrxqsErCNKLT2CyDG0CMbcgGwNSjGABSQMjJ6K5A8QK6K0B8dEPRxQgGIsxGkMtgmpENxWsASCGyjdhcBDaAUADiiw2CLiCUznAaQMhVMIOxpgNsfsXlEqzpAJ/t6HJ40wE2W0lKB7hiCNkVFMcCAGGTbBHK5ka0AAAAAElFTkSuQmCC",Ground with several sharp stones
1,2,0,"data:image/png;base64,iVBORw0KGgoAAAANSUhEUgAAABAAAAAQCAYAAAAf8/9hAAAAjElEQVQ4T6WS0Q2AMAhE7W5+OZIDOJJf7qbB5BoKByXKV9PAAY9ry89oUr+v231c5/vWUfmnRSKiBUUIwrZRF0A3JM8EkO8mYEhKE6Awm4SJd4jR3lhFA9VrhgLZdZ2APZ0lzsAiJzyjXkkLWG84I2XEQ4gzNzNHOh9UOjMWgxOZXaPzOYiVCT4zyBg9WAKEEaayqm4AAAAASUVORK5CYII=",Floor with several square stones.
2,3,0,"data:image/png;base64,iVBORw0KGgoAAAANSUhEUgAAABAAAAAQCAYAAAAf8/9hAAAAh0lEQVQ4T6WS0Q2AIAxEZTe/HMkBHMkvdtPUpOaoba9E/oD2ON61LT9XY/37ul1HP8O6zwVrsA+GyiKkxeJA99bNIIBFmQC6LAtErChEbbSO9PwRUEvMNjIZBKJXGBMB6jIQwSx75JEyqET5ClgOmL068mbBnUTbkH2pHCOmNcWAwZxy4E3jDQvVeBEWvl8PAAAAAElFTkSuQmCC",A floor with several square stones forming a pattern resembling a rose.
3,4,0,"data:image/png;base64,iVBORw0KGgoAAAANSUhEUgAAABAAAAAQCAYAAAAf8/9hAAAAgklEQVQ4T2NkoBAwouuvcvH637ZnG9HiGAphBoIMgrGxGQiTQzEApgmkAd0AXAaSbQDMq2ADYBx8LsAV1jjDAFvgIovBwgVuALIfQQqRwwE9TGDyIJq2BhCTxvCGAa6ohHkJRGONBfQwwBYmeBMS2QbgizpcyRlrGJCSoYhOSLhiBABv5YgRVk47UAAAAABJRU5ErkJggg==",Floor with several square stones forming a pattern resembling a rose. Tile almost completely filled.
4,5,0,"data:image/png;base64,iVBORw0KGgoAAAANSUhEUgAAABAAAAAQCAYAAAAf8/9hAAAAcUlEQVQ4T2NkoBAwEqvf4mbx/xPqvRjqMQRwKQSJgyyDGQJTBzcAJoBOI7sQWQ5mGNFewGYQSIwsA5ANG6QG4IoJkNPR5cBeQBZEjy6Yf3HFEtwAWLTgsx1bosNIB8SmTJg62sYCMd7B6gJikjXVvAAAp69gEa5CebAAAAAASUVORK5CYII=",Grass on the ground in small amounts.
5,6,0,"data:image/png;base64,iVBORw0KGgoAAAANSUhEUgAAABAAAAAQCAYAAAAf8/9hAAAAeklEQVQ4T2NkoBAwUqifAcUAi5vF/0+o98LF0Pkwy5DFMRTDJEE0SAMhA3G6AJdr0MXBBuByKnr4YFOHNRCJCQuYGoIBhi2WkMMHxQBiAg3dywQDEdk7RIcBtvjGleDwJiRc/kdOGzgTEj7NWFMivvSALxyom5nIyZkAm22MEcQXFsIAAAAASUVORK5CYII=",Grass on the ground in small amounts with some leaves and flowers.
6,7,0,"data:image/png;base64,iVBORw0KGgoAAAANSUhEUgAAABAAAAAQCAYAAAAf8/9hAAAAfUlEQVQ4T2NkoBAwgvRb3Cz+f0K9F8zGBvDJww0AacRmCEgzNjmYoXBbcdmCTRzZUJzOxhc0yIZiNYAU1+A0AJe/0cVxhgGxriAYC7CwwGUg0ekA2ekEAxE9BtBtJyoaiU2dOL1AKAXCXIk3EPE5HcUAYjIULjVkJWXkQAYAtgKEEfhPVkIAAAAASUVORK5CYII=",Grass floor with some pointed fences.
7,16,0,"data:image/png;base64,iVBORw0KGgoAAAANSUhEUgAAABAAAAAQCAYAAAAf8/9hAAAAXUlEQVQ4T2NkoBAwgvRXuXj9B9Fte7YxwtjI5iKLo7OpbwAuHyG7ElkNThfgczayYdQxgFRnU+QF9Ngh2QtYDUAWxBXauLxJlAvwJSrqG0BM1iAqHdA3LxDjbFxqAKLdwBHVpMV6AAAAAElFTkSuQmCC",Floor made of neatly arranged square bricks.
8,17,0,"data:image/png;base64,iVBORw0KGgoAAAANSUhEUgAAABAAAAAQCAYAAAAf8/9hAAAAWUlEQVQ4T2NkoBAwwvRXuXj9h7Hb9mxjROfjUgc2AKQYWRM2NkwMXQ5uAMggdEXEGIpiAMwQUrwFDwNyw5I6LoCFOEVhQEyAYYst6qQDcgMQpI86LhjhKREAXAPYEZLNQ+8AAAAASUVORK5CYII=",Floor made of square tiles with details.
9,23,0,"data:image/png;base64,iVBORw0KGgoAAAANSUhEUgAAABAAAAAQCAYAAAAf8/9hAAAAcUlEQVQ4T2M8f2zHfwYKACPIAEMrD0ZyzADphRtAqktAlmIYQKxLYK7GagCyl2CughmMrJGgC9C9hOw6vC6ABSbFBoAMQvcCsuEEvUAVA3ClDaLCgGwXUC0a8SVtnF4gJT9gxAIpmpGjE5whyNEM0wMA33zw0VHeMlEAAAAASUVORK5CYII=",A block of iron with an exclamation mark symbol in the middle.
10,0,1,"data:image/png;base64,iVBORw0KGgoAAAANSUhEUgAAABAAAAAQCAYAAAAf8/9hAAAAWklEQVQ4T2NkoBAw4tNvcbP4P0j+hHovTnW0MwBmO8yFuFyB0wUUGYCuGZ8rsLqAIgNwacblCgwXUGQAIc3YXIHigoE3AOREQq5AT1B4kzIx+Yx2eYEY20FqAJ7ZNBEMy9DjAAAAAElFTkSuQmCC",One pine tree.
11,1,1,"data:image/png;base64,iVBORw0KGgoAAAANSUhEUgAAABAAAAAQCAYAAAAf8/9hAAAAXElEQVQ4T2NkoBAw4tNvcbP4P0j+hHovTnW0MwBmO8yFuFyB0wUUGYCuGZ8raOcCdD+DXIUtHDBcgMv5uLyB1QtkhwGhhINNHsUFhJyPzRu0CQNS8hft8gKxrgAAotM8EVVd7rIAAAAASUVORK5CYII=",A pine cone tree with several sections of leaves.
12,2,1,"data:image/png;base64,iVBORw0KGgoAAAANSUhEUgAAABAAAAAQCAYAAAAf8/9hAAAATElEQVQ4T2NkoBAw4tNvcbP4P0j+hHovTnU4JWCaYRbgMoQ2BqDbjs8VWF1AkQG4NONyBYYLRg2ABBVFsUBq1qBdXkD2ClmZiVivAACKajQRSM8BbwAAAABJRU5ErkJggg==",A basic tree.
13,3,1,"data:image/png;base64,iVBORw0KGgoAAAANSUhEUgAAABAAAAAQCAYAAAAf8/9hAAAAY0lEQVQ4T2NkoBAwkqLf4mbx/xPqvSh6iDYApBlmGbIhRBmArBndEAwDsDmTaAOwORObZmRXwF2Ayxb6GEDIFlzyoNgAe2FoGgBLTARjgVBSJyolwgwhKi9gU4TPFSS5AJtBAJQKWBFy+EyEAAAAAElFTkSuQmCC","Two trees, one small and one larger, side by side."
14,4,1,"data:image/png;base64,iVBORw0KGgoAAAANSUhEUgAAABAAAAAQCAYAAAAf8/9hAAAAV0lEQVQ4T2NkoBAw4tJvcbP4P7LcCfVerGqxCqJrhhmEzRDqG4DLdlyuwHABRQYQ0ozNFSguGDWAgYHiMACFMiFD0FMjzrxAbB7DawDMNbgyEsgSil0AAMvhNBENMSPkAAAAAElFTkSuQmCC","A tree with large, rounded foliage."
15,5,1,"data:image/png;base64,iVBORw0KGgoAAAANSUhEUgAAABAAAAAQCAYAAAAf8/9hAAAAWklEQVQ4T2NkoBAwIuu3uFn8nxjzTqj3wvXBGcRqhlkAM2TUAAaGQRQGoOgBRSVyHGNLE+hqUBISTANMESxtgAzFZThWA2CuQXYBLpfhNADZEHzeGuQGEJMzAQ18RBHzXt2QAAAAAElFTkSuQmCC",Standard tree with square branches and foliage with rounded edges. Looks like a tree that has been recently pruned.
16,6,1,"data:image/png;base64,iVBORw0KGgoAAAANSUhEUgAAABAAAAAQCAYAAAAf8/9hAAAAYElEQVQ4T2NkoBAw4tNvcbP4P0j+hHovTnU4JWCaYRbgMoS+BmDzEkkuoL0ByDZgC0SCLsBnAHJ0I8cIShgQYwB6dBJtAFHpAN3fuJyNLI4RjbgMIcoFyCYPfFImNpcDAPUCWBEBg8C8AAAAAElFTkSuQmCC",A cactus.
17,7,1,"data:image/png;base64,iVBORw0KGgoAAAANSUhEUgAAABAAAAAQCAYAAAAf8/9hAAAAcUlEQVQ4T2NkoBAwUqifgWgDLG4W/wdZdkK9F0UP9Q1AtwnEB9lKtAuIMQBmKMhLGF7AZhNMDBYGJBsA0ohuCCz28LoA2SaCYYAtsCgyAFucY0t0cC8Qii5cKRYlDHAFFL7kTlQ0kmQAqZmL6LyAy2AAciJsEbOmEgwAAAAASUVORK5CYII=","Two small cacti, side by side."
18,11,1,"data:image/png;base64,iVBORw0KGgoAAAANSUhEUgAAABAAAAAQCAYAAAAf8/9hAAAATklEQVQ4T2NkQAJVLl7/kfm42G17tjHC5OAMkABFBhCrGWYzzBWM5GhE1kOyAejhMmoAA8NoGADDAJYwyEmRIL3Uy0yw3AjKJIRcg5ydAV4CNFe2iwuwAAAAAElFTkSuQmCC",A muddy floor.
19,19,1,"data:image/png;base64,iVBORw0KGgoAAAANSUhEUgAAABAAAAAQCAYAAAAf8/9hAAAAZUlEQVQ4T2NkoBAwUqifAa8B54/t+A+ywNDKA6c66rsAZivMZmRXgNjorqG+C2CBis1mmAuQ5cAuwCaBHoDYnA/SS30v4LMZW7QSTAegUMflfJxewKWBrGgklBqpH4ikZi6KXQAARRNQEU5nydIAAAAASUVORK5CYII=",A floor with some small stones scattered around it.
20,21,1,"data:image/png;base64,iVBORw0KGgoAAAANSUhEUgAAABAAAAAQCAYAAAAf8/9hAAAAOklEQVQ4T2NkgIL9lRH/QUzH9hWMMDFsNLo6uGJkCRgb3QCQ4fQxgGIvUGzAaBgg4no0HWAmp8GZFwDz1KAR1yJv8AAAAABJRU5ErkJggg==",Portable wooden ladder.
21,23,1,"data:image/png;base64,iVBORw0KGgoAAAANSUhEUgAAABAAAAAQCAYAAAAf8/9hAAAAcUlEQVQ4T2NkAILzx3b8B9GkAkMrD0ZGcjXDLIMbADKNFBfALEYxgFjXgCzDaQCyJMxVMMUwObwGwLyB7iVk19HHAJBL0L2A7DqiApFiA3BFK1FhQLYXqBaN+FIlTi9QlJRJ0YysFpyBiM0D6JaAvAIAbEu6ObZp6q0AAAAASUVORK5CYII=",A block of iron filled with an exclamation mark symbol in the middle.
22,43,1,"data:image/png;base64,iVBORw0KGgoAAAANSUhEUgAAABAAAAAQCAYAAAAf8/9hAAAAgUlEQVQ4T2NkoBAwUqifgTYGnD+24z82lxlaeWBYiCGASzPMQHRDwAYgawIpwOcCmBzMILINAFkMMoR2BqD7FeR0dO9hdQHMabBAQ/YzetigGIAtinAlMmRD4WFAigGwmIO7AD0q0b2BTx6nC7D5F9lLsEBFSYnoiQQ9DLDJU5yZAK8wdBG9pWu1AAAAAElFTkSuQmCC",A car.
23,44,1,"data:image/png;base64,iVBORw0KGgoAAAANSUhEUgAAABAAAAAQCAYAAAAf8/9hAAAAc0lEQVQ4T2NkoBAwUqifYRAbcP7Yjv/o3jO08sBwMVgAm2JcYYNuCNwAdAlcLoCJw9STbQDIhSBDaGsAsrdATgfxkb2G4gJcIY7sZ/RwwesFQikU5iJ4vGIzHdkQXPJEByK2aIZ7AWYTehyjewObPMWZCQAobWwRujtg5QAAAABJRU5ErkJggg==",A pickup truck.
24,45,1,"data:image/png;base64,iVBORw0KGgoAAAANSUhEUgAAABAAAAAQCAYAAAAf8/9hAAAAeUlEQVQ4T2NkoBAwUqifYQgZcP7Yjv+GVh4YLsbqBZBiUNgga8AmBlIDNgAmCQtQkEZ0MZiB6AbBDUB3HrqTYXxkg0F68BqA7iJ0l1HXAHISFF4XIAcutuiDhQk8GrHFBLKrcMkTFYjoaQLmOrgXYDbhSiz45CnOTADXmnQRaN0iUgAAAABJRU5ErkJggg==",Convertible car.
25,47,1,"data:image/png;base64,iVBORw0KGgoAAAANSUhEUgAAABAAAAAQCAYAAAAf8/9hAAAAg0lEQVQ4T7VTQQ6AIAyTJ3n1BT7ZF3j1SZqZ1NRuAxKUG01Xum6UafCUqP7YtzPC52V1fAdYsRFVBJiKfOeAX245ANfafBww2MrACaCA+6xlwPzbAQN810kgwKqAikFEXRpugqkDDlJH2O0ge/UfAd4w3cauFqI9zwLFpF4hDgmM/OgLG27MEb0IC9kAAAAASUVORK5CYII=",Base of a firework.
26,48,1,"data:image/png;base64,iVBORw0KGgoAAAANSUhEUgAAABAAAAAQCAYAAAAf8/9hAAAAbklEQVQ4T2NkoBAwUqifYRAacP7Yjv+GVh5EuwyuEKQRFh5kGQDTDHMBsoHIAY1uOIZTcXkBlzhWv2LzDtEGoCtE9hK2sEFxAanOB4UNTgOQDUMPWGSXUNcFICfhCgPkaAaxYa4gOhZIMoCUHAoAIApgEZb2FecAAAAASUVORK5CYII=",Wheelchair.
27,0,2,"data:image/png;base64,iVBORw0KGgoAAAANSUhEUgAAABAAAAAQCAYAAAAf8/9hAAAAbUlEQVQ4T2NkoBAwUqifgfYGWNws/n9CvRenRRgSyBoIaQZ5H6vJMI0UGQAyHd3p2AzE6Td0V+ByDUEDQC4BacbmIowwwBWA+AIWZyxg04Q3DPD5GV+skOUCZJcQHYigKCUpGpEzGb4ERXFmAgCg4YgRkQrt5wAAAABJRU5ErkJggg==",Ground covered in tall grass.
28,1,2,"data:image/png;base64,iVBORw0KGgoAAAANSUhEUgAAABAAAAAQCAYAAAAf8/9hAAAAkElEQVQ4T6WTwQ2AMAwD6TSswF7MwV6s0GlAQQpyXSdEgg+UxCfHbdvy82mm3/p+nesxfVfYj8gh9nZQRWw9KQCdRU4lwISRG659ApQLhE8AnB2D5Uy89gIwSG+OABj04IAF2Vo64C2NbOP/YQQseNo8DkNDgDpcvCPDQUL7lfC8Xzqo2pcOVA7Z/UgzqFyoG+HBeBFOh6mGAAAAAElFTkSuQmCC",Cactus with multiple branches and thorns.
29,2,2,"data:image/png;base64,iVBORw0KGgoAAAANSUhEUgAAABAAAAAQCAYAAAAf8/9hAAAAfklEQVQ4T2NkoBAwYtNvcbP4/wn1XkYQDZKHsUE0unqsBsAUIRsAEoMZjGwIhgHotsJcgMunKAbANCNrImQghgHo/sRmALIFeMMA5m9cLgKJ440FbAZQFAvYAhKnFwgFHsww6hpAyFa8CQk9DaCnQoIJCZsGqucFkmKB2FwOAD6qfBGFx7JpAAAAAElFTkSuQmCC",Silver vine.
30,3,2,"data:image/png;base64,iVBORw0KGgoAAAANSUhEUgAAABAAAAAQCAYAAAAf8/9hAAAAZklEQVQ4T2NkoBAwEqvf4mbx/xPqvRjq6WMAyHaYS9FdgeECbE6lyABkzdhcgeICbDZRZAA2zeiugLsAl024DIEFJtkGgFwCMgRsACGn4nMF2QYQ7QVCSZ36SRlXpsHlEqJdgMsAAAU1WBHT3ZkcAAAAAElFTkSuQmCC",Two pine trees side by side.
31,4,2,"data:image/png;base64,iVBORw0KGgoAAAANSUhEUgAAABAAAAAQCAYAAAAf8/9hAAAAeElEQVQ4T2NkoBAwYtNvcbP4PzbxE+q9GOpRBHBpRDcM2SC4AcRqhhkGM4Q6BpBqO7IrwC6gugEw/8EMRucTdAFIA0gzskaYGHKMgMRwBiKyBlyaQYZhJAxkZ+NiI7sCa0qEKUAPA2ypcxAbgJ42sGUkrIFIau4GAKBeXBH+T257AAAAAElFTkSuQmCC",A fairly conventional tree with an exposed trunk and rounded foliage.
32,5,2,"data:image/png;base64,iVBORw0KGgoAAAANSUhEUgAAABAAAAAQCAYAAAAf8/9hAAAAaklEQVQ4T2NkoBAwUqifgbYGnD+24z+6Cw2tPFAsxekCbJphhiEbQj0DYDaCTMdnO7or4C6g2AD0wKI4DIhNH2AvgGyDhSy+qEP3JkgPSiwQcjayATAXkmQANm9hpANiUh+yQbTNC8TEBAD+E0AR8HzJ+wAAAABJRU5ErkJggg==",Floor of large stones.
33,6,2,"data:image/png;base64,iVBORw0KGgoAAAANSUhEUgAAABAAAAAQCAYAAAAf8/9hAAAAjklEQVQ4T71TwQ2AIBCT0dzCVZzAVdzC0TRnUlJKIRATecEBba+FtHwcCfevfbvX48zrUdwmgAN0tRcgNsAYKvgg5q4WdwoFDMItKDOvi55HlTBR5YGCqBJVmT3gBBxIC7iKjU1zUWrU3dyZNcA4IRBZD8DSkj2VApjxXhg85raFnnT15T8TWx9t+vdpCw/DCKARjgTYFgAAAABJRU5ErkJggg==",Tree with dry branches.
34,7,2,"data:image/png;base64,iVBORw0KGgoAAAANSUhEUgAAABAAAAAQCAYAAAAf8/9hAAAAdElEQVQ4T2NkoBAwYtNvcbP4P0j8hHovWB6dj6wHqwEwBfg0wtRgGADThMtnMFdhNYCQZpgmZENQXAAyAN0GdJegq6F+GGCzETlG0OXxugAWhfi8RdAAQoYQNIBQWiBoAEUuICZaaRuNhPwP8h5RYYAvxwMA1I5AEfl23CkAAAAASUVORK5CYII=",Tropical tree.
35,21,2,"data:image/png;base64,iVBORw0KGgoAAAANSUhEUgAAABAAAAAQCAYAAAAf8/9hAAAAUklEQVQ4T2NkoBAwUqifYdQABjqGQZWL1/+2PdswAp2oWMClGZQEcBqArIksA0CmwzRS1QB0wzC8gM3p+FyCNQzQNRBlADE2YzMIxQWEbMZmAAAE+3QRZE9DhgAAAABJRU5ErkJggg==",Low straw.
36,23,2,"data:image/png;base64,iVBORw0KGgoAAAANSUhEUgAAABAAAAAQCAYAAAAf8/9hAAAAg0lEQVQ4T2NkAILzx3b8B9GkAkMrD0ZGkGYQg1TNMIvhBpDqCpClID0oBsBcgsswZHmcBsC8hG4ITAM6jeEFdAUgv+ITwxoGyBpggQUTgwU2Vi8gxwQ2/6LLYwQiNgW4AhavCyjyAkWBiE0zeqDhjUaKExIp+QEjEEnRDFMLjkZKszMAnJMWSEXvPDoAAAAASUVORK5CYII=",Iron block with an X in the middle.
37,0,3,"data:image/png;base64,iVBORw0KGgoAAAANSUhEUgAAABAAAAAQCAYAAAAf8/9hAAAASElEQVQ4T2NkoBAwUqifYdQAhmEZBvsrI/6D0oZj+wpGXGzktANOB8RowqUGxQBSUyXIlRguIMYQZNdQ1wv4Ag5vGBDjbFxqALXhVBHX0VW2AAAAAElFTkSuQmCC",A low fence.
38,1,3,"data:image/png;base64,iVBORw0KGgoAAAANSUhEUgAAABAAAAAQCAYAAAAf8/9hAAAAVElEQVQ4T2NkoBAwouvfXxnx37F9BYY4SB02ORSFIAUwA9ENwSUHNgBmMroiGB9kGDY5kPggMoCcyIB7gRzNMD2jYcDAMIjCAFdyBUUXwaRMSToAAEqkuBENzZj8AAAAAElFTkSuQmCC","A tall, pointed fence."
39,2,3,"data:image/png;base64,iVBORw0KGgoAAAANSUhEUgAAABAAAAAQCAYAAAAf8/9hAAAAQ0lEQVQ4T2NkoBAwgvTvr4z4D6Id21eA+TBAjDiGAciaiGEPNwNIjRBQoKOEAdkGkKoRWf0giwVSvTKcApFUvyOrBwD36qgRbDvJZQAAAABJRU5ErkJggg==",A tall fence made of square pieces of wood.
40,3,3,"data:image/png;base64,iVBORw0KGgoAAAANSUhEUgAAABAAAAAQCAYAAAAf8/9hAAAAYUlEQVQ4T2NkoBAwgvTvr4z4D6Id21eg8NHNRpcH8TEMgBmGy2EgTcgWDkcDkAMVWzgQDAOyDEC2iZhYQFZPVCwgxz9BL2BzAUkGkBUGxCZlWHLHSIk0D0RkC7AGIiU5GgAJQ6ARChwtMAAAAABJRU5ErkJggg==",Wooden fence gate.
41,4,3,"data:image/png;base64,iVBORw0KGgoAAAANSUhEUgAAABAAAAAQCAYAAAAf8/9hAAAAQUlEQVQ4T2NkoBAwgvTvr4z4D6Id21eA+YQAsnoMA0CShAwa7gYQCkD0QKdOLCDbSkwsIKsfhNE4UgORGH/jUgMAdGuEET+ChuMAAAAASUVORK5CYII=",Wooden fence gate. With the gate open.
42,5,3,"data:image/png;base64,iVBORw0KGgoAAAANSUhEUgAAABAAAAAQCAYAAAAf8/9hAAAARUlEQVQ4T2NkoBAwIus/f2zHf0MrD7AYMWyQOuoYALKNHJ+AXIviAnIMoY4XYDYTE3DIaqgXiKMugCRbctLAIExI5HgDAKvLqBED21XcAAAAAElFTkSuQmCC",Iron railings.
43,6,3,"data:image/png;base64,iVBORw0KGgoAAAANSUhEUgAAABAAAAAQCAYAAAAf8/9hAAAAS0lEQVQ4T2NkoBAwIus/f2zHf0MrD7AYMWyQOuoYALKNHJ+AXIviAnIMoY4XYDYjBxyuwEV3JXW9QHEYUNUAYsODOrEwjBISObEAAPGlaBF3aYlLAAAAAElFTkSuQmCC",Broken iron railings.
44,22,3,"data:image/png;base64,iVBORw0KGgoAAAANSUhEUgAAABAAAAAQCAYAAAAf8/9hAAAAU0lEQVQ4T2M8f2zHfwYKACPIAEMrD0ZSzYDpgxtAiktAFpJtAMy1OA3A5x1k744awMAwiMOAUIrEmw5ISdIYYUDIZnR5FANI1QxTD3Ix2bkRZggAbvu7XRJt3eEAAAAASUVORK5CYII=",Iron block with a prominent compartment in the middle.
45,23,3,"data:image/png;base64,iVBORw0KGgoAAAANSUhEUgAAABAAAAAQCAYAAAAf8/9hAAAAXUlEQVQ4T2M8f2zHfwYKACPIAEMrD0ZyzADphRtAqktAlmIYQKxLYK7GagCyJMwWZBrkVbwGoCvAZsioCyDRhzMaBz4WiEnSOL1AjGaYGowwIEUzTC08KZOjGaYHAI9DROCGrHMBAAAAAElFTkSuQmCC",Iron block with a prominent guard in the middle. It has a mesh texture.
46,0,4,"data:image/png;base64,iVBORw0KGgoAAAANSUhEUgAAABAAAAAQCAYAAAAf8/9hAAAATElEQVQ4T2NkoBAwUqifYbgYcP7Yjv+GVh4keQemB6wJxCEnMEGWkmQrNkvgLoB5Adk7uNgwV8NdAFNIjGZ0tRguQDadGPaoF6iQDgA1T6AREwnpLQAAAABJRU5ErkJggg==",Low iron fence.
47,1,4,"data:image/png;base64,iVBORw0KGgoAAAANSUhEUgAAABAAAAAQCAYAAAAf8/9hAAAAWklEQVQ4T2NkoBAwgvSfP7bjv6GVB5hNLIDpgRtArEZkdSBLSbIVmyUoXkD2CiE2hheQw4CQZuRwwwhEYjTjNIAYzTA1w90LxCSqQZoSiXE6TA2KF0jRiK4WADbFuBEwecfNAAAAAElFTkSuQmCC",Tall iron fence. Iron barrier.
48,2,4,"data:image/png;base64,iVBORw0KGgoAAAANSUhEUgAAABAAAAAQCAYAAAAf8/9hAAAAYElEQVQ4T2NkoBAwgvSfP7bjv6GVB5hNLIDpgRtArEZkdSBLSbIVmyUoXkD2CiE2hheQwwBXmGAzFCMQidGMHPA4vYArUGEWDAEvUBQLxCSqQZoSiXE6TA2KF0jRiK4WAHiZoBG3x7/SAAAAAElFTkSuQmCC",Broken high iron fence. Broken iron barrier.
49,3,4,"data:image/png;base64,iVBORw0KGgoAAAANSUhEUgAAABAAAAAQCAYAAAAf8/9hAAAAZklEQVQ4T2NkoBAwgvSfP7bjv6GVB5gN42MzF10NiA83AKQBJAAyDJ+jkNXADUDWQIwByOpJ8gLMlcjepr4BxHoBFvAYLhicBsDiHzm9kOQFkgzAlxLxRiO6JK7USPuUSFY0UpKjATP0oBHh6QUyAAAAAElFTkSuQmCC",Tall iron fence with gate.
50,4,4,"data:image/png;base64,iVBORw0KGgoAAAANSUhEUgAAABAAAAAQCAYAAAAf8/9hAAAAT0lEQVQ4T2NkoBAwgvSfP7bjv6GVB5hNLIDpgRsA0ggyhBjDQGpg6jFsJcYAZFdSzwsUhwHMAGK9gBGIowZQMSUSk5RpmxLJSgfEOBuXGgB8LYQRhFDQZgAAAABJRU5ErkJggg==",Tall iron fence with a gate. The gate is open.
51,5,4,"data:image/png;base64,iVBORw0KGgoAAAANSUhEUgAAABAAAAAQCAYAAAAf8/9hAAAAXUlEQVQ4T2NkoBAw4tJ//tiO/4ZWHmB5ZDa6ekZcCokVBxsAMhVkG4wNswXZBcg2I6vF6QVig4Y6XsAWWCSFweAzAD02kGMF3WtYA5FiA/BFIVYXDPGERGySxaUOALA56FVmZ66jAAAAAElFTkSuQmCC",Tall iron fence with a gate. The gate has a padlock in the middle.
52,22,4,"data:image/png;base64,iVBORw0KGgoAAAANSUhEUgAAABAAAAAQCAYAAAAf8/9hAAAARElEQVQ4T2NkoBAwUqifYTgb8GWL9H/k8OHxeYrVu1gFQZqRNcAMw2YIXgNgBg2cAbAwINkFII0UBSIpqXM4p0RiwwEAvvcwEUwkipkAAAAASUVORK5CYII=",Gold coin.
53,23,4,"data:image/png;base64,iVBORw0KGgoAAAANSUhEUgAAABAAAAAQCAYAAAAf8/9hAAAAVElEQVQ4T2NkoBAwUqifYbgaYLPm+n9sYXMkRBPDyxgCIM3YFIIMxCaH1QB8MYNuONZYQLYJ2TtEeQFmO8wQmAG4vIU3HRDSDLJsuCYkUjIYxWEAAOMIJBHkBggjAAAAAElFTkSuQmCC",Diamond coin.
54,41,4,"data:image/png;base64,iVBORw0KGgoAAAANSUhEUgAAABAAAAAQCAYAAAAf8/9hAAAAaUlEQVQ4T2NkoBAwUqifgXYGfNki/R/mOh6fpzgtwioB0oysCZ2P7G2cBqCHDS5X0M8FyC5Cdg1ZLkAOExQDkEOeUPqAuQJuALaQx+VsrC4gxXaQwRguAAniSzy45GiXlAkFIkyeYhcAALAkRBEjIjdKAAAAAElFTkSuQmCC",Stacked gold coins.
55,42,4,"data:image/png;base64,iVBORw0KGgoAAAANSUhEUgAAABAAAAAQCAYAAAAf8/9hAAAAhElEQVQ4T6WTwQ2AMAwD25H4MgEjMwFfRgIFycgEG4LgW3y207S3n1//qW9lwLrMW5gN43TRlAAhDqGClADhzBBOIQFw4sjlCnDCcLMwn98SsLu6IcwCNSQAhwqWh3kC3pw5Dac4AK63WzIJyD9z1CeQrMD37KrZITq38h58fVzlVXbgHWYgZBGFQ8nMAAAAAElFTkSuQmCC",Stacked silver coins.
56,43,4,"data:image/png;base64,iVBORw0KGgoAAAANSUhEUgAAABAAAAAQCAYAAAAf8/9hAAAAZ0lEQVQ4T2NkoBAwUqifgToGnD+24z85LjG08mAEuwBkAIgDo/EZhq4WbgBME8ggGBvmMmxiIDUYLkC2Gd1byIYguxrFCxQZQBUvUCUQSYlOeCCSogldLUY0kmIY9VxAiq1YvUCJAQC1O1wRNulYnQAAAABJRU5ErkJggg==",Banknote.
57,44,4,"data:image/png;base64,iVBORw0KGgoAAAANSUhEUgAAABAAAAAQCAYAAAAf8/9hAAAAe0lEQVQ4T2NkoBAwUqifAacB54/t+I9suKGVB1a1GIIgjSDFMBpkCDYxmOE4DcDmNWRD8RqAL1zQvYLVBRQZgOxnZIOwOR8kjzVk8QUkuuvwGkAoBrC6ABb/2KISpIHoQIQpRPYOSQbgigmCLoD5G5sB2JIz7TITsbkUAD17ZBFry+VjAAAAAElFTkSuQmCC",Pillar of stone.
58,45,4,"data:image/png;base64,iVBORw0KGgoAAAANSUhEUgAAABAAAAAQCAYAAAAf8/9hAAAAcElEQVQ4T2NkoBAwUqifAacB+ysj/iMb7ti+AqtarIIgzegasImBLMBpADavYXMF9b2Ay6kgF2GTw3ABTBG2QCRoALImbIEICxdkORQXoNuKHo0wefobALIRl/eI9gKuVIk1FvDlD/TApV1mIjaXAgBLm1ARJpRN8QAAAABJRU5ErkJggg==",A leather bag.
59,46,4,"data:image/png;base64,iVBORw0KGgoAAAANSUhEUgAAABAAAAAQCAYAAAAf8/9hAAAAd0lEQVQ4T2NkoBAwUqifAasB+ysj/mMz2LF9BYZ6DAGQZmwKQQZik6OuATCn43MByCXI8nAXIGvGFwbolmAYgG4DcmAiGwxzBVYDiIlarAaABHE5H2YoTA1OF+AKQJgBRIUBWV6AJRRSNIPUUj8pE+MCZDUU50YAhsVUETIG9CAAAAAASUVORK5CYII=",A jar pot.
60,47,4,"data:image/png;base64,iVBORw0KGgoAAAANSUhEUgAAABAAAAAQCAYAAAAf8/9hAAAAdUlEQVQ4T2NkoBAwUqifAacB+ysj/iMb7ti+AqtaDEFkjTBN2MRghuM1AJv30F0CNwBkC0gS3enohsDUwAzCawAuL8AsAxmOYQAxsYLVAJhGYryAbAntwgA9tGEuIyoQcSUa5JjCGwtkGUBxIBITfdjUUJwbAWHxeBHj5E93AAAAAElFTkSuQmCC",A doghouse.
61,48,4,"data:image/png;base64,iVBORw0KGgoAAAANSUhEUgAAABAAAAAQCAYAAAAf8/9hAAAAZklEQVQ4T2NkoBAw4tO/vzLiP0jesX0FTnV4DSDGcXADYLYRownZVdQzAGQqsa5ADhPquYBY22FhBHMFSiwQa8gg9gKxaQBZHfWTMiggYYGEnheQ5WCuwOoCmEJkA7BpBhlCcWYCAC0QQBEhJZWBAAAAAElFTkSuQmCC",A sign with nothing written on it.
62,5,5,"data:image/png;base64,iVBORw0KGgoAAAANSUhEUgAAABAAAAAQCAYAAAAf8/9hAAAAVElEQVQ4T2NkoBAwUqifgboGnD+247+hlQfYUGLYIHUoLiBGE7Ia6hkAMpWcwAR5d7gEIsVhAIsaUqIRphYj0RAbGxgGEKsRWR08GikOA3Jsh+kBAMUNgBEkmkpcAAAAAElFTkSuQmCC",An iron fence with a stone base.
63,8,5,"data:image/png;base64,iVBORw0KGgoAAAANSUhEUgAAABAAAAAQCAYAAAAf8/9hAAAAIElEQVQ4T2O0WXP9PwMFgHHUAIbRMGAYDQNgHhoG6QAAW7or8XiWh1QAAAAASUVORK5CYII=",A square completely filled with water.
64,14,5,"data:image/png;base64,iVBORw0KGgoAAAANSUhEUgAAABAAAAAQCAYAAAAf8/9hAAAAYUlEQVQ4T2NkwAFs1lz/jyx1JESTEZtSrIIghWQbgK4R3VZ0l6C4gJBmmGHIhsANIFYzuiHUMYBU25FdAXbBMDCAHG/AopI6sQALVWIDE2tCItYQvEkZOd2TnZlwZW9c4gD3djwRWVkjsQAAAABJRU5ErkJggg==",A puddle of water.
65,19,5,"data:image/png;base64,iVBORw0KGgoAAAANSUhEUgAAABAAAAAQCAYAAAAf8/9hAAAAdklEQVQ4T2NkoBAw4tNvcbP4P0j+hHovTnW0MwBmO8yFuFyB0wUUGYCuGZ8rsLoA2QCY00Fi2LyBYQAup+OKEawGgGwi1hsoBuDSBEsL2FxBtAHICQ45LOAG4LMdW2qFGYJhAHKo40vm1DcAZBux3sAaBuTmagDsAFAR7xdZdAAAAABJRU5ErkJggg==",A pointed shrub.
66,20,5,"data:image/png;base64,iVBORw0KGgoAAAANSUhEUgAAABAAAAAQCAYAAAAf8/9hAAAAaElEQVQ4T2NkoBAw4tJvcbP4P7LcCfVerGoxBNE1oluAbhCKAdg0wzQgyyEbQj0DCDkd5BWQzTB1MFfAXUCMAdgCdTgagC3asCU2jEAEKQIFJDEGEJ0OkKMNV7KmblJGtoXszERq7gYAIg1QEZ0qw+gAAAAASUVORK5CYII=",A circular bush.
67,22,5,"data:image/png;base64,iVBORw0KGgoAAAANSUhEUgAAABAAAAAQCAYAAAAf8/9hAAAAVElEQVQ4T2NkoBAwUqifYTgZ8MxD7z8p4SG14xLY+2CCVM0wi0CGDBIDSPE7ulqi0gEsjGABh2wIXgPwaYQZgtUAYjTiNYCUMMHrAnSDSA4DYlwCABN8IBF3N9lJAAAAAElFTkSuQmCC",A spring
68,45,5,"data:image/png;base64,iVBORw0KGgoAAAANSUhEUgAAABAAAAAQCAYAAAAf8/9hAAAAZElEQVQ4T2NkoBAwUqifAcWA/ZUR/4kx0LF9BVwfhguIMQSrASCNIAmYAciKYK7CJofTC8iGgQzAZTheA9DDgyQX4AtMnIFITADCvAOzgHaxMHBeICYlIquhflKmyAWkagapBwDMHkQRS6DmwQAAAABJRU5ErkJggg==",Closed wooden trapdoor.
69,46,5,"data:image/png;base64,iVBORw0KGgoAAAANSUhEUgAAABAAAAAQCAYAAAAf8/9hAAAAgUlEQVQ4T2NkoBAwkqJ/f2XEf5B6x/YVcH1EGQDTCLOMaAPQNRJtAC4bCXoBn1NBthNtALIfkTXi9QLIdJBGGI1NI8EwwBVo6FGNMxYIGYDuNZDBKOmAmGhD9iKKAchhgM2vMDGcBmCLJmzRitcAZFuw5RH0WCI6DIiOBVJyJkwtAAkdZBFmMO/7AAAAAElFTkSuQmCC",Open wooden trapdoor.
70,47,5,"data:image/png;base64,iVBORw0KGgoAAAANSUhEUgAAABAAAAAQCAYAAAAf8/9hAAAAYklEQVQ4T2NkoBAwUqifAacB+ysj/iMb7ti+AqtavAbANIEMI2gAuo2EvAYzEO6CwWkAchige4n6XoDZgC/EscmhBCLIWTBF2NIBshxWLyDHNb6EhOySQRSNhFIeLnmKcyMAWitUEePbOIwAAAAASUVORK5CYII=",A suitcase.
71,48,5,"data:image/png;base64,iVBORw0KGgoAAAANSUhEUgAAABAAAAAQCAYAAAAf8/9hAAAAh0lEQVQ4T61TwRGAIAyT0dyCVZzAVdzC0fT6iBdCKb1DXkDTkDalbIurRPn3UR+L7+c1xIUEGXEfAV7LJLGqFAGXoGU1JVjQA0OVxRQzVACwJvPZ9i7BLNntgV1CnjZUy+JzpyDqATsEXMoFz9qOIOu/4v4fZfZZh0ZnoLGRpakb3gABv/yZXiItaBF8X6IoAAAAAElFTkSuQmCC",A wooden plate with two Zs written on it.
72,2,6,"data:image/png;base64,iVBORw0KGgoAAAANSUhEUgAAABAAAAAQCAYAAAAf8/9hAAAAYklEQVQ4T2NkoBAwgvTvr4z4DzPHsX0FWIxYQBsDYC4ixjVYXUBVAwgZRtAFRBuA7F9kTbjYsFiCu4CqBiCnAXyuAVmK1QVUNQCfYUS5gKoGoBuG4gJiMw+yOrgB5GiG6QEAW/yUEcsUamgAAAAASUVORK5CYII=",A wooden ladder that goes up.
73,3,6,"data:image/png;base64,iVBORw0KGgoAAAANSUhEUgAAABAAAAAQCAYAAAAf8/9hAAAAVUlEQVQ4T2NkoBAwUqifAW7A/sqI/6QY5ti+AqwXxQCYICGDQJbhNADmEnyG0c8AXK4h2gVUNQDZMLJcMIQMIJSIQPI4w4AYzTA1GCmRFM3IainOjQAzkaARXfyouAAAAABJRU5ErkJggg==",A wooden ladder that goes down.
74,5,6,"data:image/png;base64,iVBORw0KGgoAAAANSUhEUgAAABAAAAAQCAYAAAAf8/9hAAAAbUlEQVQ4T2NkoBAwgvTvr4z4T445ju0rGIeTASD/kBIOoHBDCQMQBxaYMDayoTAN6DQ8EPEZANMEizFkCwgagKwZrwGk+B+mFiMMSDEEZyASCkCQJXjDABbyuAKOaAOwBRi2aKZOXiAl8NDVAgC7WLgRmix7ggAAAABJRU5ErkJggg==",A bookshelf
75,6,6,"data:image/png;base64,iVBORw0KGgoAAAANSUhEUgAAABAAAAAQCAYAAAAf8/9hAAAAWElEQVQ4T2NkoBAwgvTvr4z4D6Id21eA+YQAsnoMA2CSuAwBWYLXAEK2o7sYqxfQvYSPj9ML6OGBbAjBMMAVmCCN9AkDQgFJ+1gYdQGhEEDNfETlPnxGAgD3wIwRODwtTgAAAABJRU5ErkJggg==",A wooden door frame.
76,8,6,"data:image/png;base64,iVBORw0KGgoAAAANSUhEUgAAABAAAAAQCAYAAAAf8/9hAAAAdElEQVQ4T2NkoBAwUqifAW7A/sqI/6QY5ti+AqwXTMA0gwQJGYSsBsSGG0CMZpgLYWoHoQGkBCIorFC8gK4ZFsowcWyBixEG6IYgxw42ObyBiB5dyC4gKhbweYEoA/AFKFYDQBrQbcVlCHLYUCcvkBL/6GoBvJmMEetDVxIAAAAASUVORK5CYII=",A closed wooden chest.
77,9,6,"data:image/png;base64,iVBORw0KGgoAAAANSUhEUgAAABAAAAAQCAYAAAAf8/9hAAAAfklEQVQ4T2NkoBAwwvTvr4z4T4pZju0rwHrBBEwzSJCQQchqQGy4AcRohrkQphbDAFK8AHIpigGkaEZ2CYoXSDEEwwWwUCXWEIJeQDcQW+wQDETk6EV3GVYvINuCHt/Y5PCmA3xewJkOCKVCvAkJJElsTCCHDXUyE7Fxj00dADUxiBEDN6vSAAAAAElFTkSuQmCC",A opened wooden chest.
78,10,6,"data:image/png;base64,iVBORw0KGgoAAAANSUhEUgAAABAAAAAQCAYAAAAf8/9hAAAAeklEQVQ4T2NkoBAwwvSfP7bjP4htaOUBF8NmNro6sGKYIKmOAVkGNwBmM7INIDZIHJ2GWYrTAGya0J0OM3TUBUixAEsDhKIUFsAw9TjTAXqCwmYw1mhEjmNsaQI55aIYgJ4K0Z1K0AXYDEAWw2sAOfkBFkZ4cx4xmQsA5ZjcEYoEpZkAAAAASUVORK5CYII=",A closed metal wooden chest.
79,11,6,"data:image/png;base64,iVBORw0KGgoAAAANSUhEUgAAABAAAAAQCAYAAAAf8/9hAAAAgklEQVQ4T2NkoBAwwvSfP7bjP4htaOUBF8NmNro6sGKYIKmOAVkGNwBmM7INIDZIHJ2GWYrTAGya0J0OM5T6XiA2HDBcQCj00Q3GagCxsYEcRhixQLYX0DWiewmb67BGI3IcY0sTyCkXxQBsLkA3AJsanOmAJC+Qkx9gFuDNecTECABVA5gRcrj3EAAAAABJRU5ErkJggg==",A open metal wooden chest.
80,12,6,"data:image/png;base64,iVBORw0KGgoAAAANSUhEUgAAABAAAAAQCAYAAAAf8/9hAAAAOklEQVQ4T2NkoBAwUqifAW5AlYvXf5BhbXu2gcVgfJgF6OIwPkmKsRk66oJtjKNhMKjCgNxMRXFuBACjdZARP5Q0ZwAAAABJRU5ErkJggg==",An area of ​​plowed land. A dirt road.
81,17,6,"data:image/png;base64,iVBORw0KGgoAAAANSUhEUgAAABAAAAAQCAYAAAAf8/9hAAAAYklEQVQ4T2NkoBAwUqifAcUAi5vF/0+o9zLCaGTDcclhuACbZphB2OSoawDFXhgcBsACDBQb6LGATY56gYjuf+QowycHdwFIEXqqhHkDnxxR/gQZjGwIcvhQLwzIzVQU50YAKrqQETSk0f0AAAAASUVORK5CYII=",Two tall plants side by side.
82,18,6,"data:image/png;base64,iVBORw0KGgoAAAANSUhEUgAAABAAAAAQCAYAAAAf8/9hAAAAhklEQVQ4T6WT0RGAMAhD7Whu4SpO4Cpu4Wh6fMSjIfSw9pOS1xyhbfl5mtJf+3ar+nqcoT8UTKwaDajuXgAus9fhiOGdg5HYhGUHaPavAs4gOYNsgB6CnhLAO5p2UBoiohrt1nQKHuohIUZOgIUcpdwDBeFByhQqW5g6qIo5je4vfPnZGOQD0Yt8EUVmo2oAAAAASUVORK5CYII=",Large piece of wood.
83,19,6,"data:image/png;base64,iVBORw0KGgoAAAANSUhEUgAAABAAAAAQCAYAAAAf8/9hAAAAaUlEQVQ4T2NkoBAw4tO/vzLiP0jesX0FI4gNotHVYzUAphhmAMwQbJbhdAExmkEGEu0FXF4dxAYghwHFgYgvKomKBVgAEp0OQBpo4gWiExK67UR7AVsSRraVqDDAZTuuqMSZmbD5F5sLABCPTBF3RoeqAAAAAElFTkSuQmCC",Thin tree stump.
84,20,6,"data:image/png;base64,iVBORw0KGgoAAAANSUhEUgAAABAAAAAQCAYAAAAf8/9hAAAAW0lEQVQ4T2NkoBAwYtO/vzLiv2P7CkYQDZKHsUE0unqiDIAZgs0yogzAZjPMMKwGgCRhzsdnO0gOpwHEGkKUAQPvBbJcMAzCADkdkJwS0f1PfwPQnQ9L99iiEwB2RkwRH+MorwAAAABJRU5ErkJggg==",Thinner tree stump.
85,47,6,"data:image/png;base64,iVBORw0KGgoAAAANSUhEUgAAABAAAAAQCAYAAAAf8/9hAAAAV0lEQVQ4T2NkoBAwUqifAW7A/sqI/zDDHNtXMCLzQeLoYiA+SByrAcS4Cq8BZLkAZCvI2TDNyIagi8Fsx+kFslyAHmiEwmE0ECEJaxAmJEJRh02e4twIAEH0gBGMyYYgAAAAAElFTkSuQmCC",Wooden carpet floor.
86,48,6,"data:image/png;base64,iVBORw0KGgoAAAANSUhEUgAAABAAAAAQCAYAAAAf8/9hAAAAc0lEQVQ4T2NkoBAw4tO/vzLiP0jesX0FTnV4DSDGcXADYLYRownZVdQzAGQqsitA/sblKuQwwXABvgBDtwBkKUkGILsSZhFKLFDFCwMbC8TajqyO+kkZFJCwEEbPC8hyMFdgdQFMIbIB2DSjpANy/A/SAwCxMFARv3l5TQAAAABJRU5ErkJggg==",A sign with a sword symbol.
87,0,7,"data:image/png;base64,iVBORw0KGgoAAAANSUhEUgAAABAAAAAQCAYAAAAf8/9hAAAAYUlEQVQ4T2NkoBAw4tO/vzLiP0jesX0FTnUoEjAN+AxFN4xkA9BdRH8D8HqBnAjBCF1SA5L+YYA3FkCSFHmBKoGIbAjJSRnmBVhcoxsA4hOVDmAKkQ3AphlkId7cSEyYAAAZjEAR9r1p8AAAAABJRU5ErkJggg==","Sign with two arrows, one pointing to the right and the other to the left."
88,1,7,"data:image/png;base64,iVBORw0KGgoAAAANSUhEUgAAABAAAAAQCAYAAAAf8/9hAAAAWUlEQVQ4T2NkoBAw4tO/vzLiP0jesX0FTnV4DSDGcSgGwGwkpBHZRbQxAJefsYXJcHUB2bFASCM2edqmRLKSMkgTLB2gG4AsB/MOVi/AFCIbgE0zyBCKMxMAHp5IEazoU5IAAAAASUVORK5CYII=",Simple sign.
89,2,7,"data:image/png;base64,iVBORw0KGgoAAAANSUhEUgAAABAAAAAQCAYAAAAf8/9hAAAAYElEQVQ4T2NkoBAwUqifAWzA/sqI/+QY5Ni+ghFuAIhDiiEgS1EMIEUzTC1eA9BdhM2b1DOAHOfD9KDEAszZuGIFXZ62gUiMt+AuIEYxLjUoiQfmd1yJCpv8IDOAnLAAACRaTBF2FLIqAAAAAElFTkSuQmCC",Wooden mailbox.
90,4,7,"data:image/png;base64,iVBORw0KGgoAAAANSUhEUgAAABAAAAAQCAYAAAAf8/9hAAAAh0lEQVQ4T72S0Q2AIBBDYTS3cBUncBW3cDTNmZSUA68YEv3hw+trr5DT5Jcn9ekfwLmtFydd9qMYywRebKBPABMYxESANYCeC5ze4gP6rDACYFdOIgFcXi9NCFBvxFIVAEdUQi62AnDbfmd/C02JGOCTnbhsngkTwAUrcftD16i6KCWqwej/DUQ6iBE5SOAaAAAAAElFTkSuQmCC",A small bookshelf with a skull on top.
91,5,7,"data:image/png;base64,iVBORw0KGgoAAAANSUhEUgAAABAAAAAQCAYAAAAf8/9hAAAAS0lEQVQ4T2NkoBAwgvTvr4z4T445ju0rGAeJAeQ4H6aHel4ABQgpLgEFPEoggjjosQEzFJv4EDAAPUyQvQHz7nAMA7LTASka0dUCAL4SkBEarLRiAAAAAElFTkSuQmCC",Wooden cabinet closed.
92,6,7,"data:image/png;base64,iVBORw0KGgoAAAANSUhEUgAAABAAAAAQCAYAAAAf8/9hAAAAR0lEQVQ4T2NkoBAwgvTvr4z4T445ju0rGAeJAeQ4H6aHel4ABQgpLgEFPEoggjgwQXwGwdSMGoAIL3g0Do5AJDsdkKIRXS0AZLKQEUZijh0AAAAASUVORK5CYII=",Wooden cabinet opened.
93,9,7,"data:image/png;base64,iVBORw0KGgoAAAANSUhEUgAAABAAAAAQCAYAAAAf8/9hAAAAV0lEQVQ4T2NkoBAwgvTvr4z4T445ju0rGKljADm2w/RQxwWgMAD5hxSXwPTAXQAyAD0wYYZiEydoALqLkA2BWYYSC1RxAUVhQIpmmFq4F8jRjJIORrgBACoAUBGbWjq0AAAAAElFTkSuQmCC",Wooden ceiling cabinet open.
94,10,7,"data:image/png;base64,iVBORw0KGgoAAAANSUhEUgAAABAAAAAQCAYAAAAf8/9hAAAASklEQVQ4T2NkoBAwgvTvr4z4T445ju0rGKljADm2w/RQxwWgMAD5hxSXwPTAXQAygBiDYGoGqQEUhQEpmmFq4QmJHM0o6WCEGwAABkBQEZuIrdgAAAAASUVORK5CYII=",Wooden ceiling cabinet closed.
95,11,7,"data:image/png;base64,iVBORw0KGgoAAAANSUhEUgAAABAAAAAQCAYAAAAf8/9hAAAAfElEQVQ4T2NkoBAwgvSfP7bjP7o5hlYeYDkYwKUGRRG6ITBN6IYhq8PpAmJ8BjIYwwBk27C5ANkrBA3A5gqiDMAWYCDDQDYSNIAYv8PUwL1AiiZ0tdSLBXxxjSswUWIBPYBggYYtpcLU4jUAX1ImygCyXEBKbIDSA1WiEQDQIngR+bJhugAAAABJRU5ErkJggg==",Kitchen sink.
96,12,7,"data:image/png;base64,iVBORw0KGgoAAAANSUhEUgAAABAAAAAQCAYAAAAf8/9hAAAATUlEQVQ4T2NkoBAwIus/f2zHf2LMM7TygOsbZAYQ43x0NdT3AnIAYXMRKKDxBiJIEldswOSGoAHITicrDCg2ABYb9AtEfCkSbxiQk5QBoM58EXX8rRMAAAAASUVORK5CYII=",Iron door
97,14,7,"data:image/png;base64,iVBORw0KGgoAAAANSUhEUgAAABAAAAAQCAYAAAAf8/9hAAAAZklEQVQ4T2NkoBAwUqifgboG7K+M+E+MixzbV8AtRnEBxQaAbAcZArIBl2HItoPUY3UBTBHMMJi3YIYS9AK6LUQbgM8LMG8R5QVCMUHQC2QbQEgjNnm8KRFbqKMbQlsDiPESxZkJAH3bQBHLugbCAAAAAElFTkSuQmCC",Sign with a picture of a bed.
98,15,7,"data:image/png;base64,iVBORw0KGgoAAAANSUhEUgAAABAAAAAQCAYAAAAf8/9hAAAAW0lEQVQ4T2NkoBAwUqifgboG7K+M+E+MixzbV8AtRnEBxQaAbIcZgmwLssHI4iD1OF0AUgjSCNOAyxDqGkBVL+CLDdrGAjHpAFkN3pSILUrRLaCtAcR4h+LMBAB2YkARRqJLOAAAAABJRU5ErkJggg==",Sign for a bar or tavern.
99,16,7,"data:image/png;base64,iVBORw0KGgoAAAANSUhEUgAAABAAAAAQCAYAAAAf8/9hAAAAbUlEQVQ4T2NkoBAwIuvfXxnx37F9BYoYuvnoavAqJsZxYANAphKjGF0NyLUoBhByPswAmIVwA2CuAAkQcg1MDcwyDBcQawDIUqxeIMsAqnqBmNjACERCzsZlKEosEGMzNjXUTcoU5wWKDSAnHABfd2gRq+n9RAAAAABJRU5ErkJggg==",Wooden outdoor sign.
100,17,7,"data:image/png;base64,iVBORw0KGgoAAAANSUhEUgAAABAAAAAQCAYAAAAf8/9hAAAAXUlEQVQ4T2NkoBAwgvQ/89D7L7XjEphNLIDpQdFEjEHoalBcAJIkxgUg16K4AMYZOANgzibFBTA9GLFAyBBYbGENA2ICENm1IMOokw6IiX901416AZEBScqB2KIZAC0bfBEj9LPpAAAAAElFTkSuQmCC",Outdoor canvas sign.
101,48,7,"data:image/png;base64,iVBORw0KGgoAAAANSUhEUgAAABAAAAAQCAYAAAAf8/9hAAAAdUlEQVQ4T2NkoBAw4tO/vzLiP0jesX0FTnV4DSDGcXADYLYRownZVTgNQHc2ugUweRQv4FKESxzkErxegNmCzXsYLsBnC8gmkr2ALwyQ5agXiBRHI7Hxj66O+kkZ5BX06EPmowcuVhfADEHOTMgGI3uD4swEAKuKWBH8WafaAAAAAElFTkSuQmCC",A sign with a symbol for a portion.
102,1,8,"data:image/png;base64,iVBORw0KGgoAAAANSUhEUgAAABAAAAAQCAYAAAAf8/9hAAAAYElEQVQ4T2NkoBAwUqifYTgasL8y4j++cHFsX4HibRQOTDO6IpiB2OQxDMClGdkQZDXUNwBkE0VeICZh4fQCSDNFsUCM7ehqMJIyyAUgJ6K7BCaGNx3AvIAvEAkaQKo3AI8AQBHQWMnJAAAAAElFTkSuQmCC",Wooden stool
103,2,8,"data:image/png;base64,iVBORw0KGgoAAAANSUhEUgAAABAAAAAQCAYAAAAf8/9hAAAAWElEQVQ4T2NkoBAwgvTvr4z4T445ju0rGOEGgDikGAKydNSAQRcGpEQhTC08GslJTLB0Q1LiweZKuAGw5AwyGVfSRpbDcAGyAfjCA10dVheQZQA5sQDSAwAS5WAR93ojqQAAAABJRU5ErkJggg==",Wooden table.
104,5,8,"data:image/png;base64,iVBORw0KGgoAAAANSUhEUgAAABAAAAAQCAYAAAAf8/9hAAAAcUlEQVQ4T2NkoBAwgvTvr4z4D6Id21eA+aSAQWYAKU6HeRfDC6DwQA4LWPhgMxykDqsBsADFpxmmhrYGwKIY5FSY19Bpgi7ApRmnF4iNCZhLUFxArGaYOngskKoRWT3OMMBlKCxMKAoD5MxHcu5DdxkASY+EEVEsskUAAAAASUVORK5CYII=",Wooden bed.
105,8,8,"data:image/png;base64,iVBORw0KGgoAAAANSUhEUgAAABAAAAAQCAYAAAAf8/9hAAAAbUlEQVQ4T2NkoBAwYtN//tiO/zBxQysPRhgfxEZXj9UAUhyF1wXItoMMpb0LkP2OzxvILoF7AV9AIRuGro76BhAbAzBvYLiAYgOwRRVZYQAKLFg6QKeR0wTWQMSlGaSR9rGAnnyR/Y8tY1GcmQDAxnAR3T2j9AAAAABJRU5ErkJggg==",Stone fireplace.
106,11,8,"data:image/png;base64,iVBORw0KGgoAAAANSUhEUgAAABAAAAAQCAYAAAAf8/9hAAAAbElEQVQ4T2NkoBAwgvSfP7bjPznmGFp5MIINoASguABkIswwdFdhk4O7AKQYxEHWhMzHJUddA0BOp8gL5AQk9WOBVFdgBCIpBsBiDp4O0KMKOVCxpQmiDMDlIphleNMBPu/gNIDsMCBFI7paAAWjhBFyRk3YAAAAAElFTkSuQmCC",Basic two-burner stove.
107,12,8,"data:image/png;base64,iVBORw0KGgoAAAANSUhEUgAAABAAAAAQCAYAAAAf8/9hAAAAdElEQVQ4T2NkoBAwgvSfP7bjPznmGFp5MIINoASguABkIrJrQHx0FyKrgbsApAmXYmwGwMSwGkCsd2CWwp1INRcQEwa08QKxfkdWR/1ARE+R2AIW5AJYWsBwAXJ6wOUlmBqs0UhsnsDpAlICEsUFpGhEVwsA2y2UEYQdJjgAAAAASUVORK5CYII=",Modern 4-burner stove.
108,13,8,"data:image/png;base64,iVBORw0KGgoAAAANSUhEUgAAABAAAAAQCAYAAAAf8/9hAAAAUklEQVQ4T2NkoBAwUqifgboGnD+24z8xLjK08oBbPMhcAPMCshORvYRNHsULVDcA3UCiXUAoJgZ5LICchytBweRwegGkkSoG4AtEmCUwNRQnZQBQ5EwR4LgZEQAAAABJRU5ErkJggg==",Kitchen sink.
109,14,8,"data:image/png;base64,iVBORw0KGgoAAAANSUhEUgAAABAAAAAQCAYAAAAf8/9hAAAAeklEQVQ4T2NkoBAwgvTvr4z4T445ju0rGOEGgDggg0A0KYahuACmGZ9B6HIoLiDFZpharM4lFCbI3sQwgJBmmM0wQ3AaAAtUXN4iygBYFCM7GeZCog1AdwFJBqCHB7K3CLqAUJTiNICYpI03GgnZjC5PUrrHZjjFBgAAWT1UETlrkycAAAAASUVORK5CYII=",Wooden sign for a hotel.
110,15,8,"data:image/png;base64,iVBORw0KGgoAAAANSUhEUgAAABAAAAAQCAYAAAAf8/9hAAAAbklEQVQ4T2NkoBAwgvTvr4z4T445ju0rGOEGgDggg0A0KYahuACmGZ9B6HIoLiDFZpharM4lFCbI3sQwgJBmmM0wQ/AagGwTusFEG4AcaMiG0M8AmJ/J8gK+aMXpBWKSNt5oJDUxkZTusRlOsQEAUcRUEepg4SoAAAAASUVORK5CYII=",Wooden sign for a tavern.
111,17,8,"data:image/png;base64,iVBORw0KGgoAAAANSUhEUgAAABAAAAAQCAYAAAAf8/9hAAAAU0lEQVQ4T2NkoBAwwvQ/89D7L7XjEiOMBomD2DB5kBy6WhAfLogsSYyjYAZidcFINYBqgYgcfehRhy1KscYtMbEAUzNqAFJeQM5EZAUiKZqQ1QIASiNcEaCAwJ4AAAAASUVORK5CYII=",Flag with wide cloth.
112,47,8,"data:image/png;base64,iVBORw0KGgoAAAANSUhEUgAAABAAAAAQCAYAAAAf8/9hAAAAVklEQVQ4T2NkoBAwwvTvr4z4D2I7tq+Ai2EzG10dhgHEOghmEYptINNhEsSwQZZhGECMC5C9ST0vwAKHGBcgB/aoC6gZjaCQJTYmaJsOyM5MxCYgdHUA4shMEX//DfYAAAAASUVORK5CYII=",leather rug.
113,48,8,"data:image/png;base64,iVBORw0KGgoAAAANSUhEUgAAABAAAAAQCAYAAAAf8/9hAAAASklEQVQ4T2M8f2zHfwYoMLTyYISx8dHIehjRDUDmYzMEZAleA0h2AboGYlyArAfsZ5AmdKfhcwlMLYgeNWD4hAFynJOckIZ+ZgIASDOb2TvJc8MAAAAASUVORK5CYII=",Smooth stone tile floor.
114,3,9,"data:image/png;base64,iVBORw0KGgoAAAANSUhEUgAAABAAAAAQCAYAAAAf8/9hAAAAWElEQVQ4T2NkoBAwwvTvr4z4T4pZju0rwHrBBKmaYRaBDEExAGYqIZfALMRqACHXgDQRNACXS0AaR4oB+GKBqDDAZgBM48AZgJz6CKYDmoQBXhcQSvv45AEnGqwRBqY4IQAAAABJRU5ErkJggg==",Wooden door with window. Closed.
115,4,9,"data:image/png;base64,iVBORw0KGgoAAAANSUhEUgAAABAAAAAQCAYAAAAf8/9hAAAAWklEQVQ4T2NkoBAwwvTvr4z4T4pZju0rwHrBBKmaYRaBDEExAGYqIZfALMRqACHXgDQRZQBMIS4a5EqcLiCkaYi4AFdMEBWIuKIT5HeiDMCXDoarAYTSPj55AOL2yBEvh8PoAAAAAElFTkSuQmCC",Wooden door with window net. Closed.
116,5,9,"data:image/png;base64,iVBORw0KGgoAAAANSUhEUgAAABAAAAAQCAYAAAAf8/9hAAAAUUlEQVQ4T2NkoBAwwvTvr4z4T4pZju0rwHrBBKmaYRaBDEExAGYqIZfALMRqACHXgDQRNACXS0AaRw0gMgzwRSPJgYgcZUMoFkgOA0JpH588ANEPuBHalItBAAAAAElFTkSuQmCC",Glass door with window. Closed.
117,6,9,"data:image/png;base64,iVBORw0KGgoAAAANSUhEUgAAABAAAAAQCAYAAAAf8/9hAAAAOklEQVQ4T2NkoBAwwvTvr4z4T4pZju0rwHrBBKmaYRaBDEExAGYqIZfALBw1gIFhNAyGVxgQSvv45AEXmWgRj8NlhgAAAABJRU5ErkJggg==",Open wooden door.
118,7,9,"data:image/png;base64,iVBORw0KGgoAAAANSUhEUgAAABAAAAAQCAYAAAAf8/9hAAAAY0lEQVQ4T2NkoBAwwvTvr4z4T4pZju0rwHrBBEwzTJCQQcjq4QaANBPrCphaEE0bA3B5BdnpIDZOF1BsAHogIhsIs5lkF6BrpK0B2LxAsQuQUyzBdED1WMDnJeqkREKZB588AJgbyBEAoyA+AAAAAElFTkSuQmCC",Wooden door with 3 horizontal windows.
119,8,9,"data:image/png;base64,iVBORw0KGgoAAAANSUhEUgAAABAAAAAQCAYAAAAf8/9hAAAAZ0lEQVQ4T2NkoBAwwvTvr4z4T4pZju0rwHrBBEwzTJCQQcjq4QaANBPrCphaEI1hACFXgCwhaAAulyBrhBmE1QUDbwC+WCAYBrg0I8cSwUCkyAX40gP9YoEiLxDKByB5jEAkRhMuNQCrv9gRbENOYAAAAABJRU5ErkJggg==","A wooden door that is completely sealed, with no gaps."
120,10,9,"data:image/png;base64,iVBORw0KGgoAAAANSUhEUgAAABAAAAAQCAYAAAAf8/9hAAAAhUlEQVQ4T2NkoBAw4tK/vzLiP7KcY/sKrGoxBNE1oluAbhCKAcia0RXikoMbAFOArJEYMRQDYJpxeQNZHsYGG4BsEzFhgKyeOgbAXAFyFjYXYAtQnF4glC6QLQGxUbyASzO6JrxhQEzKxjCAUBigJ2mQASSHAbIhOL1AjPPRXYMzNxJrGAA4X4QRFov7cgAAAABJRU5ErkJggg==",Rustic wooden door. Antique door. Door of an old tavern or dungeon.
121,11,9,"data:image/png;base64,iVBORw0KGgoAAAANSUhEUgAAABAAAAAQCAYAAAAf8/9hAAAAT0lEQVQ4T2NkoBAwUqifAcOA88d2/De08iDa4EFsAMgr2MIH3Xs4vTDEDQD5ndioxBrfuPyPzWCiEwxIM7ZERn0DSHE+yFUkuQBbwqLYAADEsUARLSdBiwAAAABJRU5ErkJggg==",Iron chair.
122,13,9,"data:image/png;base64,iVBORw0KGgoAAAANSUhEUgAAABAAAAAQCAYAAAAf8/9hAAAAXElEQVQ4T2NkoBAwYtN//tiO/9jEDa08MNTjNABdMcjQkWIArgCEBSp6OKAEIkwztsACGYBNHq8B6BqINoBQ2kJ2IVYXkG0Asj9xGYI3EAnZjE2ednmBosxEilcA1tFQEaEAPnwAAAAASUVORK5CYII=",Bathroom sink.
123,14,9,"data:image/png;base64,iVBORw0KGgoAAAANSUhEUgAAABAAAAAQCAYAAAAf8/9hAAAAaklEQVQ4T2NkoBAwUqifgXoGnD+24z8prjG08gBbDiZgmmGChAxCVg83gFjNMMNBhoD0DCIDQE4j1htYw4BQwGGTh4cBckwQaxBKNBKrCZs6eEqERQuhBAWyGaYWnpBgXiAlEKnvBXLDAQAGrkgRnm4XqAAAAABJRU5ErkJggg==",Round iron table.
124,15,9,"data:image/png;base64,iVBORw0KGgoAAAANSUhEUgAAABAAAAAQCAYAAAAf8/9hAAAAV0lEQVQ4T2NkoBAwUqifgToGnD+24z85LjG08mAEuwBkAIhDiiEwPaMGIAUiKQEIU4sSCxQZQGpUIkc7PO5hgoQSFcjZeA0gxitYDSBGIzY1JCVfbAYAACWVUBE9Kg8dAAAAAElFTkSuQmCC",Square iron table.
125,17,9,"data:image/png;base64,iVBORw0KGgoAAAANSUhEUgAAABAAAAAQCAYAAAAf8/9hAAAAV0lEQVQ4T2NkoBAwgvQ/89D7L7XjEiOMhokhmw2Sx2YXiiDIAEIOghkEswzDBYQMQHcVQRcg24jNSyguQPY7Lj+juxDDAFK8AFI7asBoGMDTAamJB1k9AJ0sUBEFbJy5AAAAAElFTkSuQmCC",Flag with small cloth.
126,46,9,"data:image/png;base64,iVBORw0KGgoAAAANSUhEUgAAABAAAAAQCAYAAAAf8/9hAAAAaklEQVQ4T2NkoBAwEtL/zEPvP0iN1I5LjCA2iEbWg9cAZA3YNIMMIugCQi7EMADdycjOh7HxeoGqBiDbhGwwQRfAQhpdE0mxQEwM4I0Fsg1A14gc8kR5AVdgkRSI2OKefgYQSrro8hTnBQDaVHgRkXC9pgAAAABJRU5ErkJggg==","Time bomb, TNT."
127,48,9,"data:image/png;base64,iVBORw0KGgoAAAANSUhEUgAAABAAAAAQCAYAAAAf8/9hAAAAa0lEQVQ4T2M8f2zHfwY0YGjlwYgujk0MpA1DIUgQpBjdUBAfm2VwA9A1YXMBsqEweRQDsNmAzSXI3qHcAGzOwmYrshiyd8EuwBXC+AyC6RkOBlAlEGGpb2DSAcxWipMyroRCKIxw5kZiszMAbsWeOSPm7oMAAAAASUVORK5CYII=","Stone or iron floor. Smooth, with details on the edges."
128,4,10,"data:image/png;base64,iVBORw0KGgoAAAANSUhEUgAAABAAAAAQCAYAAAAf8/9hAAAAfElEQVQ4T2NkoBAwUqifgf4G2Ky5/h/k6iMhmmDLSXIBSDNMI4xNtAHImkE2U2QAsmFEuQDmb1iMwbyBEgboimABhSyO7n+8BoAUo2vGZhjcC+jRAwso5CjDJoZhADZ/ImtEl8dpAKEkjpGQsAUiPkPISonYDCQqHeBzCQDSo1QR/GOA/QAAAABJRU5ErkJggg==",Blue lever.
129,5,10,"data:image/png;base64,iVBORw0KGgoAAAANSUhEUgAAABAAAAAQCAYAAAAf8/9hAAAAZklEQVQ4T2NkoBAwwvSfP7bjPylmGVp5gPWCCVI1wywCGYJiAMxUQi6BWYjVAEKuAWkiaAAul4A0Em0AuktgGoeQAdhigugwQNeM7m+yYgFZE1kGwFIs0bFA1TBANgyrCwilfXzyAC8yxBHb/ABnAAAAAElFTkSuQmCC",Iron gate.
130,6,10,"data:image/png;base64,iVBORw0KGgoAAAANSUhEUgAAABAAAAAQCAYAAAAf8/9hAAAAYElEQVQ4T2NkoBAwwvSfP7bjPylmGVp5gPWCCVI1wywCGYJiAMxUQi6BWYjVAEKuAWkiaACyImTngjQSZQCyJvQwGmIGYIsNorxAcSDiSg8kx8LAeQFfUsYaiITSPj55AGeTvBFPoKB4AAAAAElFTkSuQmCC",Iron gate used in prisons.
131,7,10,"data:image/png;base64,iVBORw0KGgoAAAANSUhEUgAAABAAAAAQCAYAAAAf8/9hAAAAUUlEQVQ4T2NkoBAwwvSfP7bjPylmGVp5gPWCCVI1wywCGYJiAMxUQi6BWYjVAEKuAWmirQGEnI8cZqNeYGCgTRhQNRZgKRM5cdEmIRHjbFxqAEkYjBFbMpOIAAAAAElFTkSuQmCC",Iron door that opens upwards.
132,8,10,"data:image/png;base64,iVBORw0KGgoAAAANSUhEUgAAABAAAAAQCAYAAAAf8/9hAAAAO0lEQVQ4T2NkoBAwwvSfP7bjPylmGVp5gPWCCVI1wywCGYJiAMxUQi6BWThqAAPDaBgMrzAglPbxyQMA8iFoEX6eT38AAAAASUVORK5CYII=",Iron gate open.
133,12,10,"data:image/png;base64,iVBORw0KGgoAAAANSUhEUgAAABAAAAAQCAYAAAAf8/9hAAAAcUlEQVQ4T2NkoBAwUqifAcWA88d2/IcZaGjlQZThGAaANIIMGngDcIUNustwegFkALpiWBghi+MNA+RAhRmIHj54Y4EiA8j2ArJTsQUk3kAEacAWUPhSK0ZqQ/c3umaCLkB2BSHNIHmi0jtJXiA1dwIAs+lgEQCFLsgAAAAASUVORK5CYII=",Toilet.
134,13,10,"data:image/png;base64,iVBORw0KGgoAAAANSUhEUgAAABAAAAAQCAYAAAAf8/9hAAAAYUlEQVQ4T2NkoBAwUqifgToGnD+24z85LjG08mAEuwBmAEiAGIOQ1aMYANJMiiFwFyDbCjKdGENg6uAuIKQJ3ZsYBpDqfJh6jDAgJhBhajBigRTNKC4gVSOy+uHiBUrCAAAfH0ARXNl4QgAAAABJRU5ErkJggg==",Bathtub
135,14,10,"data:image/png;base64,iVBORw0KGgoAAAANSUhEUgAAABAAAAAQCAYAAAAf8/9hAAAAfklEQVQ4T2NkoBAwEtL/zEPvv9SOSzjV4TWAkGaQ5bR3AcgWirxAtgEg/yMHMC5X4AwDmAEgjfgCE8UAmEJ0zTCXYDMMqwuQnQ/ThCss4AZgsxVZM8wAZHV40wFZgYhuOnoyxyaP4QVkv6JrQA8bDC+gRxc2G9HVEMwLhHIrAOVJbBH7/o2wAAAAAElFTkSuQmCC",Bonfire.
136,15,10,"data:image/png;base64,iVBORw0KGgoAAAANSUhEUgAAABAAAAAQCAYAAAAf8/9hAAAAdElEQVQ4T2NkoBAwUqifAa8Bzzz0/kvtuIRXDUEXEDKEoAtgXsTlEpwGgGwmpBkkT5QBIIUkuQDZduRYwmYIVhfADABpIOQVDAPQbSdkCEkuwBYWeF0A8zOyl9BTLkkGEOUCkCKKYwHmTHxOh6khmBcI5VYA6C5IETcXS0YAAAAASUVORK5CYII=",A flame
137,19,10,"data:image/png;base64,iVBORw0KGgoAAAANSUhEUgAAABAAAAAQCAYAAAAf8/9hAAAAi0lEQVQ4T6WT0Q2AMAhE7TSu4F7O4V6u4DQaTGiucKe2+lvfKxy0TD+/8sQvx3ra+T5v8j95YLCBbxIqcNhud4GqJAkQjgImaQQRRoFqpwoYzFqImdyCLzCbllUlBSxIbMPzoIKeLJJA3awm0ghweWLqcbFSCzhjtoWqsq4M8E24sApGHmUd4wjszAXKr6wRNpAiPQAAAABJRU5ErkJggg==",Grass hut.
138,23,10,"data:image/png;base64,iVBORw0KGgoAAAANSUhEUgAAABAAAAAQCAYAAAAf8/9hAAAAZElEQVQ4T2NkoBAwgvR/2SL9nxxzeHyeMqIYABIgxiCYhXgNQHcVsuFEGYDPJTgNIMb5yGowvECxAVQLRFzRCrOAYCAOrAGEUiXIGwS9QCg2iDYAWSGyoUQbgMslGAYQcjI+eQCz4HwR+bfPjQAAAABJRU5ErkJggg==",Golden bell.
139,22,11,"data:image/png;base64,iVBORw0KGgoAAAANSUhEUgAAABAAAAAQCAYAAAAf8/9hAAAAZ0lEQVQ4T2NkoBAwgvQ/89D7L7XjEphNLIDpgRtArEZkdSBL4baCTCTFEJiLSXI2NgtQDEAPC5irkMMHXc0g9QK2aIWJ4fQCenpAjxVYOBBtAK4oJRiIhFIkesxgxMIQNoCUfICsFgAhsWQRcK2XnQAAAABJRU5ErkJggg==",Japanese gate frame.
140,38,11,"data:image/png;base64,iVBORw0KGgoAAAANSUhEUgAAABAAAAAQCAYAAAAf8/9hAAAAeklEQVQ4T2NkoBAwUqifAacB54/t+I9suKGVB1a1GILoGtFdiG4QigGENMMMQzYEqwEwBTADcfFBBmIYgGw6ugEgDSAxvC6gyACYDfiiFm8gImukKBpBtiD7FcZG9z9GIKIHErZYIOgFQmmBoAH4AhJbcqZdZiI2lwIALmJcEZysQRMAAAAASUVORK5CYII=",Skull looking forward.
141,48,11,"data:image/png;base64,iVBORw0KGgoAAAANSUhEUgAAABAAAAAQCAYAAAAf8/9hAAAAN0lEQVQ4T2NkAILzx3b8B9GkAkMrD0ZGkGYQg1TNMIvhBpDqCpClID2jBoyGwXBLB2RnJkqzMwCDhZ45tSgfCAAAAABJRU5ErkJggg==",A completely smooth stone or metal floor.
142,2,12,"data:image/png;base64,iVBORw0KGgoAAAANSUhEUgAAABAAAAAQCAYAAAAf8/9hAAAAmElEQVQ4T6VTQQ6AMAhzT/LqC3yyL/C6J2k4dIHSocm8mCC0pcW2LT7N5vt9PR5nP85mNX4zl32fAgDYmiqRJQAPKqVT9NlavOpQwFLhgVoF4MEDAHjmqgYlaQXPrDzwoCkFH5tyXq0VUgAAhr/WGgr+svk+qAkpsESOTBENEyvzMOjP22opRtVQHVTwQMlnU8GaDmnlj34BdYq4ETP/fqgAAAAASUVORK5CYII=",Stone wall with a plus sign in the middle.
143,48,12,"data:image/png;base64,iVBORw0KGgoAAAANSUhEUgAAABAAAAAQCAYAAAAf8/9hAAAAgUlEQVQ4T2NkAILzx3b8B9EwYGjlwUisGFghTAOIhhmCzQBkOZgeFJuQDUB2ETob2XC4C3DZjK4Z3ZUoBqA7G5crYIaA1MP9jC0wCRkAkoeHAbaQx2cAzLXDwQBkf5IaC/BARI4WfAkIOanDYo06CQndZEKuwJqUYZmK5MxEaXYGAABEr6H+KvrBAAAAAElFTkSuQmCC",Stone or iron floor with some details on the edge.
144,0,13,"data:image/png;base64,iVBORw0KGgoAAAANSUhEUgAAABAAAAAQCAYAAAAf8/9hAAAAiklEQVQ4T61SuRGAMAwjI9EyASMzAS0jwblQzlEsJwfQcBBb0VeWj0+x/es8bo+zbnuxf/zmu+xcAgDYhjKS/zCYsYFl2k4jAXoB5r/5zM9UCSMAxTI1iJeQjDe4MzGiq2INY1QAik0oQRWLDQ5TGBWHmVQGbBByzthIBljKDG2KxL1/BTBT52jmAfJ1uBE4jfO1AAAAAElFTkSuQmCC",Broken stone brick wall. Some bricks are broken.
145,1,13,"data:image/png;base64,iVBORw0KGgoAAAANSUhEUgAAABAAAAAQCAYAAAAf8/9hAAAAhElEQVQ4T2NkoBAwgvSfP7bjP7I5hlYejCAxdBrdLpA83AAQhxzHYBiA7hpstsJcDXcBTBFMMy7XIMvDvIjiApggsg242BQbAHM1SsDR1QUUewHFAORYgMUAIe8QdAGuRIVsMEgNRiASkxqRkzjZSRkjDND9DHIJzCZsGQ0mT1YGQjYQAEeq3BFmBF0RAAAAAElFTkSuQmCC",Broken stone brick wall. with a barred window.
146,2,13,"data:image/png;base64,iVBORw0KGgoAAAANSUhEUgAAABAAAAAQCAYAAAAf8/9hAAAAkElEQVQ4T6WTwQ2AMAwD6Uh8mYCRmYBvRwLl4cp1E0hVPpWS4jiHKdviU+z9el8P6+zHWaymp86yfidghVlDroA6gigGoN8c8FRuRvVBAPuCR7QKc7G7HQO29yfAzgZo7EaBek4HiGqTAU4JeJ8zFFDaGQYQayssQ4x29+L7mYNMlN0kKiAEJfrRuiBlpkZ3XpRAtBGT0AFuAAAAAElFTkSuQmCC",Broken stone brick wall with a glass window.
147,4,13,"data:image/png;base64,iVBORw0KGgoAAAANSUhEUgAAABAAAAAQCAYAAAAf8/9hAAAAfklEQVQ4T2NkoBAwgvSfP7bjP4g2tPJghLGR+cji6GyyDEB2NNgAcgDIpSDX4HQBSBLZYHRvwuSxGoCuGWYQzFZYuMFdQKoXkA2COxNZkBgDMcIAl7MJGUaWC5ADFB6IpLgAwwDkUCXkZHR5shISVi/A0j4xLqC+AcTYiksNAMo3gBEgsAWeAAAAAElFTkSuQmCC",Broken stone brick stone passageway arch
148,5,13,"data:image/png;base64,iVBORw0KGgoAAAANSUhEUgAAABAAAAAQCAYAAAAf8/9hAAAAi0lEQVQ4T8VTwQ2AIBCTNRzCORzZORzCNSRnUlJ7XLgEE/mIvdIrUMoyOYqtv/bths56nA6zGnDw8f8iM2lkzJoa/xHQwY641mvQBKDIX12steYABT4P7QZXhvPcbYGL7CDC3SFmBJyDyF4G/28LYZAy18hp/CZInINRhDUrLokQ0Dj3Hln4FjIuwKlDzKwRmGsmHwAAAABJRU5ErkJggg==",Brick wall with a window in the middle.
149,6,13,"data:image/png;base64,iVBORw0KGgoAAAANSUhEUgAAABAAAAAQCAYAAAAf8/9hAAAAfUlEQVQ4T2NkoBAwgvQ/89D7DzNHasclDDGQHEwcph7GJ9kAkGUgzTAabAAlAG4AuskwProXkS0DuQTuBWRnIWsmygCKvUBKLKCrJSsWkKOcOrGA7Cz0UEZOOOgxBZLDmurQUyU+Q6jnBeR0gC3useUReEJCzyBkGUBuYgIAF6yQESF5Qr0AAAAASUVORK5CYII=",Brick wall with some broken bricks.
150,7,13,"data:image/png;base64,iVBORw0KGgoAAAANSUhEUgAAABAAAAAQCAYAAAAf8/9hAAAAg0lEQVQ4T2NkoBAwgvQ/89D7DzNHasclDDGQHEwcph7GhytGVkCMo0CWgvSADUAGyK7BZhC6RSgGENKM7E0UF8A4MANweQdZHqsXSDEA5hqUQCTFAIJeQA8PkLcGlxfwhgGhhATzDvUSEixECdmMnmJRXIBuCLZYwJbxMPICKa4AqQUAr7aUEevBiKUAAAAASUVORK5CYII=",Brick wall with a window in the middle.
151,8,13,"data:image/png;base64,iVBORw0KGgoAAAANSUhEUgAAABAAAAAQCAYAAAAf8/9hAAAAcElEQVQ4T2NkoBAwgvSfP7bjPznmGFp5MFLHAHJsh+kBuwDZGyBnkSIGV4zNEFjYwAxF54P0oBiAbgiyBmyasRoAMwRkK7oByN7DCANsAYnLVmS1GF5Alhw4A0A2UxQGVDMAPTyIjgVcmYtoA0jJGwDv32gRhaWD8QAAAABJRU5ErkJggg==",Stone or iron post.
152,9,13,"data:image/png;base64,iVBORw0KGgoAAAANSUhEUgAAABAAAAAQCAYAAAAf8/9hAAAAb0lEQVQ4T2NkoBAwgvSfP7bjPznmGFp5MFLHAHJsh+kBuwAGYF4BOQ2bodjkqWMAyGSQrcg2oAcsNnmUQKTIgIEPA4pdgCsQYdGJTx6eEnGFMiypE4wFkEJkG4nlwxMStnjHlkphYjDLsCZZUvIGABT9oBHr7IbFAAAAAElFTkSuQmCC",Stone or iron fence.
153,13,13,"data:image/png;base64,iVBORw0KGgoAAAANSUhEUgAAABAAAAAQCAYAAAAf8/9hAAAAUklEQVQ4T2NkoBAwUqifAasBzzz0/mMzWGrHJQz1GAIgzdgUggzEJkeUATCNZBsA8w5RBsCcOrBhgC9q0QN4kEYjRV7AlQphhtI+DEjNXBTnRgBLvkgR1UkuQwAAAABJRU5ErkJggg==",Stone barrel. Oil barrel.
154,15,13,"data:image/png;base64,iVBORw0KGgoAAAANSUhEUgAAABAAAAAQCAYAAAAf8/9hAAAAeklEQVQ4T2NkoBAwgvSfP7bjPznmGFp5MMINAHFIMQRk6XAzgBT/w9TCw4AczTA91ItGkInIUYmeNrDJYUQjsiaQJIyPzIZZhJIOYKkR3RYYH6YY5m9kPkoYwGxCtxHdVmSXwZMvPlsIugDZachxjBy96OGDEo2UpAMAfSWIEcOCkNYAAAAASUVORK5CYII=",Mine cart.
155,32,13,"data:image/png;base64,iVBORw0KGgoAAAANSUhEUgAAABAAAAAQCAYAAAAf8/9hAAAAbklEQVQ4T2NkoBAwUqifAasBNmuu/8dm8JEQTQz1OA1AVwwylCQDQC6AaYC5iGgDQJqRbcRlO0gdzkCkyAB0J5PkBXzOxSaH4gV0ZyNHJXKAIgcmVgPwpQN0VwwyA9DjHz05EwxEmAaK8wIpORQAJJ1wEQWKrRkAAAAASUVORK5CYII=",blue portion glass.
156,34,13,"data:image/png;base64,iVBORw0KGgoAAAANSUhEUgAAABAAAAAQCAYAAAAf8/9hAAAAaUlEQVQ4T2NkoBAwUqifgXYG7K+M+I/sOsf2FVgto40L0G2HuQSbK7C6AGQAumJsYiCDcRoAkoQZAnMRUS7AZRPIQGxyKC5AVoArFtANwWoAvkAc5AbgCihYOiAYiMgKsWUyoqKR1NwJAKYKXBF3NDjYAAAAAElFTkSuQmCC",Clay or wooden urn.
157,48,13,"data:image/png;base64,iVBORw0KGgoAAAANSUhEUgAAABAAAAAQCAYAAAAf8/9hAAAAYElEQVQ4T2NkAILzx3b8B9GGVh6MMDaIjw0gqwGxUTSQagDIArgBIM24bMUmDnMpiiZCzocZhGwZigtIMQDuAlICENkFowYgEtwgiAXkVEZKOoDpozwpI9tKVmaiNDsDAAYkn6EijL5EAAAAAElFTkSuQmCC",Smooth stone floor. Detailed edges.
158,0,14,"data:image/png;base64,iVBORw0KGgoAAAANSUhEUgAAABAAAAAQCAYAAAAf8/9hAAAAZUlEQVQ4T2NkoBAwUqifAcOA88d2/MdnqKGVB4oeFA5MM7oimIHY5DEMAGnG5QqYHLIFeA2AKUS2GcQmygB0b8A00s8AUMBR5AWqGICeHkiOBfoZgB41+BIScqoEeYn6mYnU3AkAKJCYEVn6YYoAAAAASUVORK5CYII=",Rectangular stone tomb with a cross in the middle.
159,1,14,"data:image/png;base64,iVBORw0KGgoAAAANSUhEUgAAABAAAAAQCAYAAAAf8/9hAAAAYklEQVQ4T2NkoBAwUqifAa8B54/t+A+ywNDKA6c62hgAsxnde9hcgtUFFBtASsDSJgxgLhiYWMAVgDBXoccEShgQ0ozNEKwG4Ep52MIEbABIAqYJxkZ3DUgemzraZiZiEhQASlJAEWBYt2sAAAAASUVORK5CYII=",Tomb with a cross.
160,3,14,"data:image/png;base64,iVBORw0KGgoAAAANSUhEUgAAABAAAAAQCAYAAAAf8/9hAAAAWklEQVQ4T2NkoBAwwvSfP7bjPylmGVp5gPWCCVI1wywCGQI3AGYisa4AWYrTAJgksmHoYrQxgNiwADkdrwuICYdRL0ASH3UTEjEhj64G7gJy8gNKZiLHdpgeAH3PiBF92fj2AAAAAElFTkSuQmCC",Prison bars
161,5,14,"data:image/png;base64,iVBORw0KGgoAAAANSUhEUgAAABAAAAAQCAYAAAAf8/9hAAAAgElEQVQ4T2NkoBAwUqifAasB54/t+I/NYEMrDwz1GAIgzdgUggzEJkddA2BOx+cCkEuQ5cEuQPYzSBJfGKCrhRuArJEYF8DCA6sBhKIWZhmIhgciLmfjMgzmSpRYINYQjECE2UKxAegxQkxqxPACzHnorkEWx+kFQqGPTZ7i3AgAUSFgEfUBG7QAAAAASUVORK5CYII=",Iron cauldron.
162,8,14,"data:image/png;base64,iVBORw0KGgoAAAANSUhEUgAAABAAAAAQCAYAAAAf8/9hAAAAbElEQVQ4T2NkoBAwwvSfP7bjPylmGVp5gPUOIgNIcT6yWup6ARYwhFwDCnCsgQgSJBQbMDV4DcDlEpjNBF0AMwDmGmQ+US7AFwZEG4CsEN3pRHkBWRPIRdgMxEjKVIkFQmkAJI/VC8RoxKYGAL5bmBHLdEJ0AAAAAElFTkSuQmCC",Futuristic machine.
163,9,14,"data:image/png;base64,iVBORw0KGgoAAAANSUhEUgAAABAAAAAQCAYAAAAf8/9hAAAAbUlEQVQ4T2NkoBAwwvSfP7bjPylmGVp5gPUOIgNIcT6yWup6ARYwhFwDCnCsgQgSRJaEsZFjCF0NihdgkiAXwGxAN4RoA3AZQtAAQv4HyeMNA2QFyAqRDSYqELEFIMxbBA3A5w3ahQExgYdNDQCKFJQRMqgTFAAAAABJRU5ErkJggg==",Television
164,12,14,"data:image/png;base64,iVBORw0KGgoAAAANSUhEUgAAABAAAAAQCAYAAAAf8/9hAAAAXUlEQVQ4T2NkoBAwwvSfP7bjv6GVByOIBokRYoPkQerABLGasBk8aoAH4yAKA1i8EpuuYOkGJSERqxmWHlASEkUuQE7GMINgYrCUii6O4gVkxcR6g7phQKyt2NQBAJ9x2BEwfFSZAAAAAElFTkSuQmCC",conveyor belt
165,13,14,"data:image/png;base64,iVBORw0KGgoAAAANSUhEUgAAABAAAAAQCAYAAAAf8/9hAAAAMUlEQVQ4T2NkoBAwgvSfP7bjPznmGFp5MFLHAHJsh+mhjgsoDoNRL4wmJKpkJkoSEgDxtSgRMG14CgAAAABJRU5ErkJggg==","A wall of long, horizontal stone bricks."
166,32,14,"data:image/png;base64,iVBORw0KGgoAAAANSUhEUgAAABAAAAAQCAYAAAAf8/9hAAAAZElEQVQ4T2NkoBAwUqifAasBNmuu/8dm8JEQTQz1OA1AVwwylCQDQC6AaYC5iGgDQJqRbcRlO0gdzkCkyAB0J5PkBXzOxSaH4gV8mmHRiq5muBmAHv/oyZlgICIHFEV5gZQcCgCyEmARo8zk1QAAAABJRU5ErkJggg==",Empty potion bottle.
167,34,14,"data:image/png;base64,iVBORw0KGgoAAAANSUhEUgAAABAAAAAQCAYAAAAf8/9hAAAAYUlEQVQ4T2NkoBAwUqifgXYG7K+M+I/sOsf2FVgto40L0G2HuQSbK7C6AGQAumJsYiCDcRoAkoQZAnMRUS7AZRPIQGxyKC7ApxkWDuhqhpsBuAIKl/8JRiN6RiMqGknNnQBDtkwRgQCGQQAAAABJRU5ErkJggg==",Empty wooden or clay urn.
168,39,14,"data:image/png;base64,iVBORw0KGgoAAAANSUhEUgAAABAAAAAQCAYAAAAf8/9hAAAATElEQVQ4T2NkoBAwwvSfP7bjPylmGVp5gPWCCZhmmCAhg5DVww0gVjOyi0F6Rg0YDQPqpgNQCiM2NWIkZeT8QCgfwORRMhOxmrCpAwCwtWgRwh42cQAAAABJRU5ErkJggg==",Stone border.
169,41,14,"data:image/png;base64,iVBORw0KGgoAAAANSUhEUgAAABAAAAAQCAYAAAAf8/9hAAAAdUlEQVQ4T2NkoBAwwvSfP7bjPylmGVp5gPWCCZhmmCAhg5DVww0gVjOyi0F6aGcAepiguxAkj9MFuAIU2RCCBoAUIwcWTANRYUCxC9DTBrYYwusFqhmAL0ER5QKSDAApJjY1YiRl5PxAKB/A5FEyE7GasKkDAPUTiBHRSt4jAAAAAElFTkSuQmCC",Stone border with a skull symbol in the middle.
170,48,14,"data:image/png;base64,iVBORw0KGgoAAAANSUhEUgAAABAAAAAQCAYAAAAf8/9hAAAAVElEQVQ4T2M8f2zHfwYoMLTyYISx8dHIehhBHJBGmCAyG90QbOrgGkGKyXIBSCO6Kwh5A+YSEI3iZ2S/4TME2aVgAyh2wagBVAhEWJQNTDQO/cwEAKoTq9muLQPxAAAAAElFTkSuQmCC",Stone floor with borders and details on the edges.
171,0,15,"data:image/png;base64,iVBORw0KGgoAAAANSUhEUgAAABAAAAAQCAYAAAAf8/9hAAAAfklEQVQ4T2NkoBAwous/f2zHf0MrDwxxXPZgNQCkmFhDUAwg1XaQRWADQBpJsRXZO3AXoNsOMxRZMTZvYQ0sbJphBqEbgjO00b2Fy5vUNwDZJlzhgBxeONMBtoQD8z+yJQQNQA40bOFAVJLFl07wGkBMAiPoAkLJm6ABhHI7AOOEVBGHp0utAAAAAElFTkSuQmCC",Bones of some person.
172,1,15,"data:image/png;base64,iVBORw0KGgoAAAANSUhEUgAAABAAAAAQCAYAAAAf8/9hAAAAd0lEQVQ4T2NkoBAwUqifgToGnD+247+hlQeKYSAxZNdhkweJgTUhKwYJomvG5U3qGYDsCnQXwJyOy0sYgYjuHZjzsYUTSA5vwKH7HT0gUQwgFHDYNMMNgGnGFgO4NMJchxGNMAlCGnEaQKxGFAMoyQ/UyQuUuAAAjVNIEe1QsgMAAAAASUVORK5CYII=",Bones of an animal. Some kind of ox or demon.
173,2,15,"data:image/png;base64,iVBORw0KGgoAAAANSUhEUgAAABAAAAAQCAYAAAAf8/9hAAAAcklEQVQ4T2NkoBAwgvSfP7bjv6GVB5iNDHCJI+uBa4IpBtH4HAWyCNlgFFvRbcTmAnQxrC6A2YLsEmSbsboAWZCQzXgNwBUWRLsA2QBYzOAzFB6NuPyLHGXYDB9OgYgrSRNKXNRJysRkGlwZDSMHkpq7AUnB4BHR+ehlAAAAAElFTkSuQmCC",Spider web
174,3,15,"data:image/png;base64,iVBORw0KGgoAAAANSUhEUgAAABAAAAAQCAYAAAAf8/9hAAAAaUlEQVQ4T2NkoBAw4tO/vzLiv2P7Crxq8EqCDCdkCEEXgAzB5wqcBoBsRvYeLkPwGgDThM8bBMOAUCTRzguEbIbJ0y4WYGmA7GikyABYtMHSAig6cUUl1jDAppgkA5CdDwttklMisdEIALxsQBGimlIHAAAAAElFTkSuQmCC",Wooden torch
175,4,15,"data:image/png;base64,iVBORw0KGgoAAAANSUhEUgAAABAAAAAQCAYAAAAf8/9hAAAAZElEQVQ4T2NkoBAw4tP/ZYv0fx6fp3jV4JUEGU7IEIIuABmCzxU4DQDZjOw9XIbgNQCmCZ83CIYBoUiinRcI2QyTJxgLA5MOYKGOHPq4YgKrF7BpJNsAWGCRZAAsD1CUEomNRgDiy0gRiiv6bgAAAABJRU5ErkJggg==",Golden Torch
176,5,15,"data:image/png;base64,iVBORw0KGgoAAAANSUhEUgAAABAAAAAQCAYAAAAf8/9hAAAAd0lEQVQ4T2NkoBAw4tL/ZYv0fx6fp2B5ZDa6egwD8CnGJkc7F2DzAlEugCmi2ABsgUuUC2Chjs0AWKwgy+EMRGKTB14DQE4GGYTNZpgFBF2AL12ADMFqAL6YIJgSkZMushdwuQSvC5BtI8kAbFGJKyAJBiKh6AQAg/ZwEWpFqZIAAAAASUVORK5CYII=",candelabra
177,6,15,"data:image/png;base64,iVBORw0KGgoAAAANSUhEUgAAABAAAAAQCAYAAAAf8/9hAAAAfElEQVQ4T2NkoBAwgvQ/89D7j26O1I5LYDlCAK8BIIMJGUSULfhcgeICkG3YvAMyAJdLqGMAoYAi6AVYTMC8AHMuzDv4AhLuBWTNsNAn2gCKvYBsE3IsEEoDIIvxxgLRBlDNCzCDkGMBPXEh80FsrHkBV3TCUiRymFGcFwAjKWgRUxLAFgAAAABJRU5ErkJggg==",Broken brick wall.
178,7,15,"data:image/png;base64,iVBORw0KGgoAAAANSUhEUgAAABAAAAAQCAYAAAAf8/9hAAAAXElEQVQ4T2NkoBAwgvQ/89D7j26O1I5LjDBxEBumDiYOEyPaAJBhyJphfLABlAAUFyA7G5eh6F6jjgEUewFXCCPHAq6Ywho9yCEOMhxX2IDER2OBgYHopDx48wIAGEqcEQVwCkEAAAAASUVORK5CYII=",Brick wall with some broken bricks.
179,13,15,"data:image/png;base64,iVBORw0KGgoAAAANSUhEUgAAABAAAAAQCAYAAAAf8/9hAAAAWElEQVQ4T2NkoBAwgvTvr4z4D6Id21cwksqmvgHE+AjZlThdgMsgdG+CDUAGINNBirAZgE0OqwsIGUDQCyPRAPRYwJcW0MMHIxaolpCIzRfUyQvEOBuXGgDV4cgRce40XQAAAABJRU5ErkJggg==",Wooden wall with a window.
180,14,15,"data:image/png;base64,iVBORw0KGgoAAAANSUhEUgAAABAAAAAQCAYAAAAf8/9hAAAAT0lEQVQ4T2NkoBAwwvSfP7bjPylmGVp5gPWiGAASJGQQTA1WAyh2wTAwYGADkZQARFZL3XSAnEjQExS6HG1SIsxUQuEBch31kzIhW3HJAwAJB2gRQWcrIQAAAABJRU5ErkJggg==",Large iron box.
181,15,15,"data:image/png;base64,iVBORw0KGgoAAAANSUhEUgAAABAAAAAQCAYAAAAf8/9hAAAAUklEQVQ4T2NkoBAwUqifAcWA88d2/CfGQEMrD7g+DANAkrgMgsnhNYBiF1BswMB6gRjno6uhfiwgRxUsOtHFaJsOkE3HFiYgV9EuIVEcC+QYAAAUQGARQ/TVkQAAAABJRU5ErkJggg==",Medium-sized iron box.
182,25,15,"data:image/png;base64,iVBORw0KGgoAAAANSUhEUgAAABAAAAAQCAYAAAAf8/9hAAAAR0lEQVQ4T2NkoBAwwvSfP7bjPylmGVp5gPWCCZBmmACxhsD0oBhArCtAlo0aMBoGONMBsakQOfVSJynDTCTFBSiZiRSN6GoB3XaMERQ4d1oAAAAASUVORK5CYII=",Simple stone or iron floor. Simple edges.
183,31,15,"data:image/png;base64,iVBORw0KGgoAAAANSUhEUgAAABAAAAAQCAYAAAAf8/9hAAAAd0lEQVQ4T2NkoBAwEtJ//tiO/zA1hlYecPUgcRAfrwEwRTADsBlG0AWEXAg2ANlkQhqQ5eFeQHcqupOR/Y4sh9UAZMNgLoMZgC6HYQB6ICEbANOMTsPDAJctICcT7QJSAhAlHVAlFkixHTllUichkWM7TM/AuwAA9VNwETmrsa0AAAAASUVORK5CYII=",Video game controller.
184,32,15,"data:image/png;base64,iVBORw0KGgoAAAANSUhEUgAAABAAAAAQCAYAAAAf8/9hAAAAe0lEQVQ4T2NkoBAwUqifAW7A/sqI/zDDHNtXMCLzQeLoYiA+SByrAcS4iqABMBvRaWRXorgAxEF3Ni6XwGzH6QVkBbjCBq8XcDkb2UUEwwCb85FjAqcBxNgOi1acgYhuEygcsNmONRDJdgGxUYgzHVCclIlJvtjUUJwbAfEEfBG+V5KmAAAAAElFTkSuQmCC",Map
185,39,15,"data:image/png;base64,iVBORw0KGgoAAAANSUhEUgAAABAAAAAQCAYAAAAf8/9hAAAAS0lEQVQ4T2NkoBAwwvSfP7bjPylmGVp5gPWCCZhmmCAhg5DVww0AaSbWFTC1IHrUgNEwoG46ACVfspMycn4glA9g8iiZiVhN2NQBAKxSkBEwg+hmAAAAAElFTkSuQmCC",Simple stone or iron floor. Simple edges.
186,40,15,"data:image/png;base64,iVBORw0KGgoAAAANSUhEUgAAABAAAAAQCAYAAAAf8/9hAAAAgklEQVQ4T2NkoBAwwvSfP7bjPylmGVp5gPWCCZhmmCAhg5DVww0AaSbWFTC1IBqrAdgMQxbDawCyN7B5DSRGlAuwhQOygTCDcIYBeoAihw9BF4Bsp8gAXNFJlBeoFojoaYLoaCSUCmHhgxEL2AIOl2EYSRk5PxDjAmTL4LmRWI3o6gAXQcAR792OnAAAAABJRU5ErkJggg==",Simple stone or iron floor. In the center there is a x symbol.
187,5,16,"data:image/png;base64,iVBORw0KGgoAAAANSUhEUgAAABAAAAAQCAYAAAAf8/9hAAAAZUlEQVQ4T2NkoBAwgvSfP7bjPznmGFp5MIINoARQxwCKvYDLAJAf8YURPAzQDYBpRA8bbOowbMClGWYYsiEYLiCkGd0Q6hpArO3IrkBxweAwABTCIJcQomFpA6sXCGlGl6c4LwAAcd+AEe1kO/YAAAAASUVORK5CYII=",A stone arch. Almost a passageway to some hidden corner.
188,6,16,"data:image/png;base64,iVBORw0KGgoAAAANSUhEUgAAABAAAAAQCAYAAAAf8/9hAAAAWUlEQVQ4T2NkoBAwgvSfP7bjPznmGFp5MIINoARQxwCKvYBsAMhf+LyErhYjEEEG4HIRuhw8ENFNBfHRXQITI9oFA28AtoAkKQyQDYBpJNsAmGGD2ABKMhMAmxWMEdG91j0AAAAASUVORK5CYII=",A stone wall with a door in the middle.
189,13,16,"data:image/png;base64,iVBORw0KGgoAAAANSUhEUgAAABAAAAAQCAYAAAAf8/9hAAAAN0lEQVQ4T2NkoBAwgvTvr4z4D6Id21cwksoeZAaQGhwgL4O9QAkYZGEw8NFIamCOxgIk81GcEgFBYdARywweLwAAAABJRU5ErkJggg==",A wooden fence
190,14,16,"data:image/png;base64,iVBORw0KGgoAAAANSUhEUgAAABAAAAAQCAYAAAAf8/9hAAAATklEQVQ4T2NkoBAwgvTvr4z4D6Id21cwksoeZAaQGhwgL4O9QAnACANYoIJMRzYYFLgwMeSAHqQGEAoTnF4gpBFdnjaxMESTMqmBh6weAJJ3uBHuybCGAAAAAElFTkSuQmCC",A wooden fence with a window in the middle.
191,15,16,"data:image/png;base64,iVBORw0KGgoAAAANSUhEUgAAABAAAAAQCAYAAAAf8/9hAAAAgUlEQVQ4T2NkoBAwgvTvr4z4D6Id21cwksqGGwDSTIpjQBaB9KAYALOdkEEwl2I1gJBLYDajuABmI7IkNlcg2wyTx/ACckCiG4JsAM4wwGUAzGtYvYAuiC0wKTYAOZ0QjAVc0YkzDNBjAV86gHkXZywQSkToXqFeUqYoMxHjbFxqAF4o2BGSu4kQAAAAAElFTkSuQmCC",A wooden fence with a door in the middle. It's almost like a trap door in the middle.
192,40,16,"data:image/png;base64,iVBORw0KGgoAAAANSUhEUgAAABAAAAAQCAYAAAAf8/9hAAAAX0lEQVQ4T2NkoBAwUqifAcOA88d2/MdnqKGVB4oe6hhAyFZcLgK5BuwCkAEwpxEyDFndcDIAFg6kpAlYWGBNSLgCEj0NgCzEmxJhBmHTCHMt9V1AbDrA6wJSApPi3AgATCxQEaV80RAAAAAASUVORK5CYII=",Trophy.
193,5,17,"data:image/png;base64,iVBORw0KGgoAAAANSUhEUgAAABAAAAAQCAYAAAAf8/9hAAAAdklEQVQ4T2NkoBAwgvSfP7bjPznmGFp5MIINoARQxwCqeAFkCMhPyIaB+OhhBFMDk4MrQNYMk0QPG5jhyIbAwwBZEl+goqtDcSIum/G5hHoGEGs7zDWwQEcJRFISFG0MQE4LyFGFLg5LG/C8AFOALEGsYRTnBQDKt5ARoJLJ9QAAAABJRU5ErkJggg==",Stone arch with details.
194,6,17,"data:image/png;base64,iVBORw0KGgoAAAANSUhEUgAAABAAAAAQCAYAAAAf8/9hAAAAc0lEQVQ4T2NkoBAwgvSfP7bjPznmGFp5MIINoARQxwCqeAFmCMhf+LyErg4eiCCNIEkYjc0QdDUogYhsMswgZEPQDYe5FKcL0L2CbACyS+D+pboLKA4DZAOwBTDBMKCqC2CGIUcxhguwKUJ3BXoaoUpmAgDQwawRSH5/jwAAAABJRU5ErkJggg==",Stone wall with details and a door in the middle.
195,8,17,"data:image/png;base64,iVBORw0KGgoAAAANSUhEUgAAABAAAAAQCAYAAAAf8/9hAAAAeUlEQVQ4T2NkoBAwgvSfP7bjPznmGFp5MFLPAJBpxLoEppa6LoCFAchUfOGB7EoUFyA7C5dX0NVg9QKyImSXgAxFDycMF8A0wBRjMwBdDUY0Us0FyLZjMxTmSrgLkEN/4LyAHNLo6QFdDsMLyAmJUDpAVos31RGTQwEX3bgRQAh64gAAAABJRU5ErkJggg==",Steel wall with a glass door in the middle.
196,10,17,"data:image/png;base64,iVBORw0KGgoAAAANSUhEUgAAABAAAAAQCAYAAAAf8/9hAAAAQ0lEQVQ4T2NkoBAwgvSfP7bjP7o5hlYejDBxZDayOpA4dQygxBcoLsDlVHRnI3uNOgZQzQv4nIorpkZjAZoSR3gsAABzc3gRBrdE4gAAAABJRU5ErkJggg==",Stone brick wall.
197,11,17,"data:image/png;base64,iVBORw0KGgoAAAANSUhEUgAAABAAAAAQCAYAAAAf8/9hAAAAY0lEQVQ4T2NkoBAwgvSfP7bjP7o5hlYejDBxZDayOpA4dQygxBcoLsDlVHRnI3sNqwEgg7C5CqQRPWwwFMIU4TMAWY46LkCPLmxhARMbIl7Aly4IeoHUREWdpExxZiLV2cjqAXqrnBHox9w3AAAAAElFTkSuQmCC",Stone brick wall with a window in the middle.
198,12,17,"data:image/png;base64,iVBORw0KGgoAAAANSUhEUgAAABAAAAAQCAYAAAAf8/9hAAAAc0lEQVQ4T2NkoBAwgvSfP7bjP7o5hlYejDBxZDayOpA4dQygxBdwF+ByJjbDYWpRvIAsiM9FoHDBMACmASYJC1iQQnxskByGFwhpwuoCdEFiXADTA3YBTbyAKyAJeoGYNIEzFojRjK6GOkmZ4sxEjtNhegCTQrgRY6z3YgAAAABJRU5ErkJggg==",Stone brick wall with a barred window in the middle.
199,13,17,"data:image/png;base64,iVBORw0KGgoAAAANSUhEUgAAABAAAAAQCAYAAAAf8/9hAAAAU0lEQVQ4T2NkoBAwgvSfP7bjP7o5hlYejDBxZDayOpA4dQygxBcoLgA5iRjDkL1GHQOIsRWXGrgLiHU+zCCQN1BigSIDqOIFkCHEumKQxsLQzQsA0sVgEeQVk3gAAAAASUVORK5CYII=",Stone brick wall with a hole in the middle.
200,14,17,"data:image/png;base64,iVBORw0KGgoAAAANSUhEUgAAABAAAAAQCAYAAAAf8/9hAAAAa0lEQVQ4T2NkoBAwgvQ/89D7j26O1I5LjDBxZDayOpA4dQygxBcoLsDlVHRnI3sNqwEgg7C5CqQRPWwwFMIU4TMAWY46LkCPLpgXkMVh0U2UF/DFCnr40MYLhFyAEY1US0j4Egyu/DLweQEAZkOYEYSWs2cAAAAASUVORK5CYII=",Brick wall with a window in the middle.
201,15,17,"data:image/png;base64,iVBORw0KGgoAAAANSUhEUgAAABAAAAAQCAYAAAAf8/9hAAAAcElEQVQ4T2NkoBAwgvQ/89D7j26O1I5LjDBxZDayOpA4dQygxBdwF+ByJjbDYWpRvIAsiM9FoHDBMACmASZJjAEwNRhewOcVZJthlmE1gBgXoBhAdS+Q7ALkkCUmTeCMBWI0o6uhTlKmODOR43SYHgDudJwRTytXbAAAAABJRU5ErkJggg==",Brick wall with a window in the middle.
202,5,18,"data:image/png;base64,iVBORw0KGgoAAAANSUhEUgAAABAAAAAQCAYAAAAf8/9hAAAAaElEQVQ4T2NkoBAwgvSfP7bjPznmGFp5MIINoARQxwCqegHZMJAf0cMIJgbzNooXYJrRFcEUY5OHG0BIMy5DUJyIy2b0WEK2jHoGEGs7slfgCQnkpMFhAMwlhGhY2sDqBUKa0eUpzgsAM5+AEbwEbrIAAAAASUVORK5CYII=",Stone arch with details.
203,6,18,"data:image/png;base64,iVBORw0KGgoAAAANSUhEUgAAABAAAAAQCAYAAAAf8/9hAAAAY0lEQVQ4T2NkoBAwgvSfP7bjPznmGFp5MIINoARQxwCqeQFkEMhf+LyErgZFMUwSl4tAhhNtALpLkA1HlsPpgoE3AFtAkhQGyAYgayQ6EKnqAphhOL2AHO8wRfhcgGwgxXkBAOBGjBG6vvrZAAAAAElFTkSuQmCC",Stone wall with details and a door in the middle.
204,7,18,"data:image/png;base64,iVBORw0KGgoAAAANSUhEUgAAABAAAAAQCAYAAAAf8/9hAAAASUlEQVQ4T2NkoBAwgvSfP7bjPznmGFp5MFLPAJBpxLoEppa6LqA4DAbeCyAXkOINUIBTNxApdgHFBpDif5halDAY2Ggkx/kwPQDiMVwRI7g86AAAAABJRU5ErkJggg==",An iron wall
205,8,18,"data:image/png;base64,iVBORw0KGgoAAAANSUhEUgAAABAAAAAQCAYAAAAf8/9hAAAAfUlEQVQ4T2NkoBAwgvSfP7bjPznmGFp5MFLPAJBpIJeAaHyugamB0RgugBmEzRB0OaxewOUSZJthhqMYgKwRm1fQnU7QC8jORTccpwtgEvhcgK4GZyCixwZRYYBsOq5YwOkCQvGPbiDOQCQlSWONRmIMQI4V6uQFYmzFpQYA/baoETN2jK4AAAAASUVORK5CYII=",An iron wall with a window in the middle.
206,10,18,"data:image/png;base64,iVBORw0KGgoAAAANSUhEUgAAABAAAAAQCAYAAAAf8/9hAAAAUUlEQVQ4T2NkoBAwgvSfP7bjP7I5hlYejMSKUccASnyB4gJkpxPLpo4BuLwAC0iQa3CpgbsAPeRxeQFkEEwORFPHAKp4AdlppLAHUSwM3bwAADEutBGMIjTTAAAAAElFTkSuQmCC",A wall made of smooth stone bricks with a pillar in the middle.
207,11,18,"data:image/png;base64,iVBORw0KGgoAAAANSUhEUgAAABAAAAAQCAYAAAAf8/9hAAAAaUlEQVQ4T2NkoBAwgvSfP7bjP8wcQysPRhAfRoPEsYnBxKljACW+gLsAm5ORDcblJeoaQIpXYAGN1QXIIY/ORo8V6hpANS8ghzh6AiPKC2QbQJEX8IU8rkQGEkfJC/gUwjIcuhqwAZQAAIKa4BG49NiSAAAAAElFTkSuQmCC",A wall made of smooth stone bricks with pillars on the sides.
208,2,19,"data:image/png;base64,iVBORw0KGgoAAAANSUhEUgAAABAAAAAQCAYAAAAf8/9hAAAAgElEQVQ4T2NkoBAwIus/f2zHf0MrD7gYiA+SRxdD5mMYQIyDcBoA0ozuCnwuBMkNMi9QHIiwMEAPeXziKGGArBBXbCDHAEYgIscCLA3ADAJpxBZDWF0AU4zsCqIMQLeVGG/gDQOYf5ENxhsGyH4kho0zEJEDDj1mCMYCMZkJWQ0AMrN8EdjwVDEAAAAASUVORK5CYII=",A stone tower
209,11,19,"data:image/png;base64,iVBORw0KGgoAAAANSUhEUgAAABAAAAAQCAYAAAAf8/9hAAAAb0lEQVQ4T2NkoBAwUqifgXoG7K+M+E/INY7tKzAsBAvANGNTADMU2QJkdXADkAXxGYguR7QBII0wS5ANoZ8BuMKCrEAEGQbzDooBhKIRJo8RC+hRiZ4mQBpwxQxKwiCUmHAmJGKdjk0d9fICua4AAD0DYBHXG6xLAAAAAElFTkSuQmCC",a wooden boat
210,14,19,"data:image/png;base64,iVBORw0KGgoAAAANSUhEUgAAABAAAAAQCAYAAAAf8/9hAAAAe0lEQVQ4T2NkoBAwUqifgTYGnD+24z82lxlaeWBYiCEA0oxNIchAbHJEGQDTSJIB2BTjNQDZ3/i8AAsbmBqwF9A14wtEdLUYBoAMJMYFMHXwQMRlK66EhuEFmAAhg5DVgdgYLsDlfJhLYBaguADZmcS6AKaHNnmBlBwKADsEXBGZTFq0AAAAAElFTkSuQmCC",A flying saucer or UFO.
211,2,20,"data:image/png;base64,iVBORw0KGgoAAAANSUhEUgAAABAAAAAQCAYAAAAf8/9hAAAAgElEQVQ4T2NkoBAw4tN//tiO/yB5QysPnOpwSoA0wzQis9EtxGoAus34XIJhAC7FuMRRDIApwuZvXHJwA/BphvkbmxqwAcgS+EIdmzoMA/BFGbplILXUNYCQ7ehhgeECZAPwhQtylMK9gG47oZQIk6eeAdgyFXJewCWPNzcSk9MBRlKAEahlTSAAAAAASUVORK5CYII=",A pyramid
212,3,20,"data:image/png;base64,iVBORw0KGgoAAAANSUhEUgAAABAAAAAQCAYAAAAf8/9hAAAAjUlEQVQ4T7WT0Q2AMAhE7Uj+OoEjO4G/jqTB5JrrCbSJ6meBx8FJmV5+Jas/9u20+LysYV4YsGIr7EFcAIqtOwCRkgbAXbk7xsQbj1QBLFVlZ7EboDK9+fUNI/0LYIuHFGA57AIgnjOWX0fgzfYA2NsDENnI9mlOqkDt81R+44IeFP8XHPOOKr3GkUu/ACjQ1BGsn07mAAAAAElFTkSuQmCC",a church
213,7,20,"data:image/png;base64,iVBORw0KGgoAAAANSUhEUgAAABAAAAAQCAYAAAAf8/9hAAAAjklEQVQ4T7WT0Q2AMAhE7Whu4SpO4Cpu4WgaTCDXk6Mfjf1s4XEctC2Tp1X5177d9r4ep4yTD5ZsiSPIPwCvbvJdgWrlowCTGZBBAqB6RQVouBv7ArgqBiqAqxkCsja8gKkoAdhWpqQE8CRwJ4YKMk94saQHGOhO8x221nmQyeYpMSwAvCQKhlMJE2d+9AO0/agRUBO3KQAAAABJRU5ErkJggg==",A wooden tent
214,11,20,"data:image/png;base64,iVBORw0KGgoAAAANSUhEUgAAABAAAAAQCAYAAAAf8/9hAAAAeElEQVQ4T2NkoBAwYtN//tiO/9jEDa08MNTjNABdMTZDQWrABiBLggRBfJINQNZIshfQXYAvXNHVwr2Ay+nohuE0gJzYRAlEbFFEyCtwA9BjghjXwCxECQNiNMLUwKIaIxBBCmCmwwIMG582BpDtBYoDkRSb0dUCAL5YhBHKakN/AAAAAElFTkSuQmCC",A war tank
215,14,20,"data:image/png;base64,iVBORw0KGgoAAAANSUhEUgAAABAAAAAQCAYAAAAf8/9hAAAAfklEQVQ4T7VSQQ6AMAzanuTVF/hkX+DVJ2kwYamV1SbLPGKhwFrL4FcH+WWewHnsl3W3rJtcJkGQPUFhWPARiMjqX0qAUUIBmxn2e04oxoiPA18YMNWBf3LMNAFuzdyFdSgdKLEe1kpUMSI3rw7s4J+Q72beKWfKlJeYJXLuBihKVBG7WG+0AAAAAElFTkSuQmCC",A flying saucer or UFO.
216,35,21,"data:image/png;base64,iVBORw0KGgoAAAANSUhEUgAAABAAAAAQCAYAAAAf8/9hAAAAfklEQVQ4T2NkoBAw4tP/ZYv0f5A8j89TnOpwSoA0wzQis9EtpI0BMBuRvYDLFVhdQJEB6JphfgaFBzZXYLgA2QD0QCRoADang1yALyxQXECRAbj8jh7v6GEBdwE2A5DDAFdggg0g1nZshqAYQEq+glmK4gVSDIB5D29uJMZAAC0VnBEOpQapAAAAAElFTkSuQmCC",A yellow danger sign
217,40,21,"data:image/png;base64,iVBORw0KGgoAAAANSUhEUgAAABAAAAAQCAYAAAAf8/9hAAAAhklEQVQ4T2NkoBAwYtP/ZYv0f2ziPD5PMdSjCMA0YlMIMhCbPNwAkCRMIyEXIKvFMAAmiW4IyHBkOZhlYAOwSeByMrpaDANAGtG9go0PMwirAbAYwBUmyN6hrQG40hj1XYAeE8gBCXMFciLCmw6Qow/dC8iBipIOsNmCL48gJ3XqZiZycjYA8kq4EYlWf4cAAAAASUVORK5CYII=",A yellow radiation sign.
